gridmet_id,Year,ETo_mm,ETr_mm,precip_mm
561362,2006,1491.6,2110.91,545.79
561362,2007,1383.02,1913.97,494.04
561362,2008,1387.23,1947.7,605.31
561362,2009,1284.18,1769.66,675.12
561362,2010,1458.07,2053.72,612.71
561362,2011,1611.48,2321.07,612.07
561362,2012,1794.74,2627.89,326.98
561362,2013,1487.25,2119.05,411.97
561362,2014,1439.78,2043.26,476.04
561362,2015,1451.75,2038.46,528.68
561362,2016,1473.75,2073.07,547.61
561362,2017,1461.56,2062.89,712.26
561362,2018,1380.69,1921.26,691.63
561362,2019,1307.45,1800.36,808.13
561362,2020,1553.18,2223.49,355.31
561363,2006,1491.49,2110.97,554.3
561363,2007,1381.49,1911.19,494.93
561363,2008,1385.18,1943.81,609.36
561363,2009,1283.4,1768.33,671.72
561363,2010,1455.93,2050.02,599.43
561363,2011,1614.93,2326.59,616.34
561363,2012,1796,2629.53,330.39
561363,2013,1490.87,2125.13,409.87
561363,2014,1442.5,2047.73,480.85
561363,2015,1455.69,2045.13,549.75
561363,2016,1473.8,2072.56,555.21
561363,2017,1463.49,2066.47,707.04
561363,2018,1376.88,1914.22,676.34
561363,2019,1305.76,1796.54,810.67
561363,2020,1552.51,2221.48,374.46
561364,2006,1495.86,2119.06,559.99
561364,2007,1383.76,1915.14,492.68
561364,2008,1386.96,1946.76,610.46
561364,2009,1286.25,1773.43,669.38
561364,2010,1459.45,2056.24,583.35
561364,2011,1621.63,2338.04,619.73
561364,2012,1800.79,2637.68,330.54
561364,2013,1497.84,2137.39,409.18
561364,2014,1449.04,2059.15,487.9
561364,2015,1463.76,2059.32,569.91
561364,2016,1478.59,2080.61,571
561364,2017,1470.8,2077.61,707.99
561364,2018,1377.67,1916.79,668.87
561364,2019,1307.33,1799.03,778.67
561364,2020,1553.22,2224.79,389.46
561365,2006,1497.09,2121.46,567.55
561365,2007,1384.31,1915.86,489.11
561365,2008,1386.68,1946.04,614.26
561365,2009,1288.36,1777.01,673.26
561365,2010,1460.18,2057.4,576.36
561365,2011,1625.71,2344.8,621.95
561365,2012,1803.12,2641.42,330.33
561365,2013,1502.06,2144.72,410.65
561365,2014,1451.74,2063.93,493.96
561365,2015,1468.16,2067.03,569
561365,2016,1479.67,2082.17,589.83
561365,2017,1474.5,2083.12,693.92
561365,2018,1375.6,1913.48,675.8
561365,2019,1307.97,1799.88,750.13
561365,2020,1554.07,2226.03,404.87
561366,2006,1497.8,2123.51,578.51
561366,2007,1383.84,1915.53,487.33
561366,2008,1385.05,1943.62,621.59
561366,2009,1288.46,1777.69,675.09
561366,2010,1460.12,2057.76,575.97
561366,2011,1628.32,2349.55,624.71
561366,2012,1804.24,2643.51,329.75
561366,2013,1505.19,2150.72,412.09
561366,2014,1454.92,2069.94,503.24
561366,2015,1471.96,2074.23,550.83
561366,2016,1479.66,2082.41,610.63
561366,2017,1477.12,2088.42,681.35
561366,2018,1371.65,1907.48,678.36
561366,2019,1305.92,1796.24,741.51
561366,2020,1550.96,2221.35,412.33
561367,2006,1501.8,2130.88,588.48
561367,2007,1386.23,1919.8,481.39
561367,2008,1386.35,1945.79,630.02
561367,2009,1288.88,1778.71,672.24
561367,2010,1461.97,2061.22,577.75
561367,2011,1633.06,2357.77,628.52
561367,2012,1807.82,2649.6,325.31
561367,2013,1510.75,2160.68,410.75
561367,2014,1461.09,2080.83,511.87
561367,2015,1478.35,2085.63,518.17
561367,2016,1482.21,2086.83,610.16
561367,2017,1482.73,2099.44,683.35
561367,2018,1371.21,1906.96,647.77
561367,2019,1307.52,1798.45,731.52
561367,2020,1551.35,2219.17,397.29
561368,2006,1504.41,2135.86,592.88
561368,2007,1386.98,1921.39,472.87
561368,2008,1384.88,1943.45,640.46
561368,2009,1287.78,1777.25,669.89
561368,2010,1463.47,2063.98,604.16
561368,2011,1635.77,2362.57,632.51
561368,2012,1809.92,2653.23,325.98
561368,2013,1514.6,2167.77,411.03
561368,2014,1464.29,2086.82,514.11
561368,2015,1483.29,2094.59,518.08
561368,2016,1481.93,2086.62,613.61
561368,2017,1486.69,2107.14,710.12
561368,2018,1371.96,1908.15,647.45
561368,2019,1306.52,1798.93,748.66
561368,2020,1549,2217.98,390.55
562770,2006,1498.58,2121.96,533.5
562770,2007,1389.19,1924.85,489.14
562770,2008,1395.48,1962.11,590.26
562770,2009,1287.11,1774.35,680.98
562770,2010,1465.69,2066.76,550.1
562770,2011,1613.07,2323.91,603.49
562770,2012,1797.68,2633.27,322.12
562770,2013,1486.39,2117.37,426.18
562770,2014,1441.98,2046.69,495.11
562770,2015,1448.83,2032.78,536.08
562770,2016,1478.59,2081.78,523.56
562770,2017,1458.54,2057.82,683.85
562770,2018,1394.86,1945.49,652.67
562770,2019,1313.5,1812.78,773.21
562770,2020,1558.03,2232.74,355.89
562771,2006,1495.4,2116.72,534.03
562771,2007,1386.73,1920.35,487.6
562771,2008,1391.67,1955.32,595.2
562771,2009,1287.25,1774.44,677.48
562771,2010,1463.6,2062.88,574.84
562771,2011,1613.24,2323.89,606.55
562771,2012,1794.83,2627.99,324.11
562771,2013,1486.81,2117.97,419.85
562771,2014,1441.13,2045.22,487.19
562771,2015,1450.38,2035.41,524.61
562771,2016,1476.87,2078.37,535.76
562771,2017,1460.02,2059.55,703.79
562771,2018,1388.09,1934.08,670.58
562771,2019,1310.33,1806.23,798.48
562771,2020,1553.54,2224.83,362.83
562772,2006,1491.99,2111.04,539.05
562772,2007,1382.89,1913.54,486.69
562772,2008,1387.42,1947.71,603.85
562772,2009,1284.55,1769.82,673
562772,2010,1459.6,2055.76,586.79
562772,2011,1612.63,2322.6,612.39
562772,2012,1791.67,2622.17,326.86
562772,2013,1486.84,2118,412.82
562772,2014,1439.74,2042.82,483.73
562772,2015,1450.72,2036.08,530.03
562772,2016,1473.15,2071.54,540.55
562772,2017,1459.31,2058.61,715.48
562772,2018,1380.64,1920.38,673.22
562772,2019,1304.93,1795.85,811.25
562772,2020,1547.58,2214.03,371.22
562773,2006,1492.21,2111.46,549.49
562773,2007,1381.43,1910.62,485.32
562773,2008,1385.02,1943.06,607.72
562773,2009,1284.32,1769.32,668.07
562773,2010,1457.29,2051.6,586.92
562773,2011,1615.85,2327.58,617.01
562773,2012,1792.67,2623.25,330.82
562773,2013,1490.35,2123.76,410.28
562773,2014,1441.44,2045.47,487.41
562773,2015,1454.43,2042.29,558.14
562773,2016,1472.68,2070.04,557.1
562773,2017,1461.98,2062.53,712.22
562773,2018,1378.18,1914.74,652.04
562773,2019,1303.89,1793.28,813.3
562773,2020,1546.89,2211.79,388.18
562774,2006,1494.9,2116.57,557.32
562774,2007,1382.54,1912.4,485.29
562774,2008,1385.36,1943.41,608.75
562774,2009,1286.32,1772.84,665.96
562774,2010,1459.64,2055.73,575.96
562774,2011,1621.36,2336.86,619.96
562774,2012,1796.2,2629.11,332.19
562774,2013,1496.22,2133.99,410.61
562774,2014,1446.49,2054.22,491.92
562774,2015,1461.68,2054.94,579.23
562774,2016,1476.3,2075.94,575.65
562774,2017,1467.65,2072.02,720.65
562774,2018,1377.71,1915.55,646.47
562774,2019,1305.77,1795.72,785.75
562774,2020,1547.57,2213.64,402.33
562775,2006,1496.05,2118.84,565.38
562775,2007,1383.1,1913.19,484.11
562775,2008,1384.8,1942.2,611.67
562775,2009,1287.54,1774.98,667.78
562775,2010,1460.49,2057.15,562.15
562775,2011,1625.01,2342.92,621.27
562775,2012,1797.9,2631.79,331.65
562775,2013,1500.26,2141.05,411.83
562775,2014,1450.06,2060.4,494.6
562775,2015,1466.33,2063.11,582.21
562775,2016,1477.7,2078.02,577.2
562775,2017,1470.97,2076.78,710.4
562775,2018,1375.24,1912.14,657.29
562775,2019,1305.55,1796.21,749.2
562775,2020,1547.4,2214.18,414.43
562776,2006,1497.01,2120.97,574.87
562776,2007,1383.11,1913.32,483.59
562776,2008,1383.59,1940.12,619.15
562776,2009,1286.32,1773.16,668.98
562776,2010,1461.27,2058.55,551.13
562776,2011,1627.77,2347.6,622.53
562776,2012,1799.17,2633.8,330.19
562776,2013,1503.79,2147.39,411.14
562776,2014,1453.76,2066.95,498
562776,2015,1470.52,2070.65,565.23
562776,2016,1478.21,2078.77,595.98
562776,2017,1474.55,2084.22,697.86
562776,2018,1372.63,1906.9,667.98
562776,2019,1304.31,1793.08,726.36
562776,2020,1545.38,2211.05,416.51
562777,2006,1500.48,2127.25,586.78
562777,2007,1384.71,1916.07,484.63
562777,2008,1384,1940.6,632.77
562777,2009,1286.5,1773.59,668.9
562777,2010,1462.26,2060.34,556.16
562777,2011,1631.8,2354.47,627.65
562777,2012,1802.02,2638.49,329.11
562777,2013,1508.87,2156.39,409.63
562777,2014,1459.03,2076.12,505.52
562777,2015,1475.85,2080.1,525.59
562777,2016,1479.74,2081.25,608.46
562777,2017,1479.76,2092.74,703.13
562777,2018,1371.82,1904.36,658.36
562777,2019,1304.55,1793.41,721.36
562777,2020,1544.7,2209.45,401.59
562778,2006,1504.53,2134.89,589.03
562778,2007,1386.89,1920.27,480.84
562778,2008,1384.2,1941.26,642.62
562778,2009,1287.3,1775.53,668.07
562778,2010,1464.6,2064.77,589.31
562778,2011,1635.58,2361.28,632.4
562778,2012,1805.11,2643.98,329.98
562778,2013,1514.12,2166.06,408.1
562778,2014,1464.2,2085.58,509.62
562778,2015,1482.28,2091.79,514.87
562778,2016,1480,2082.15,625.73
562778,2017,1484.07,2101.55,720.42
562778,2018,1372.41,1906.61,663.54
562778,2019,1306.97,1798.85,742.48
562778,2020,1545.2,2212.39,391.82
562779,2006,1506.98,2139.25,587.77
562779,2007,1387.92,1922.18,479.63
562779,2008,1383,1939.15,649.37
562779,2009,1289.94,1780.04,659.64
562779,2010,1466.4,2067.83,621.33
562779,2011,1635.35,2360.99,635.27
562779,2012,1806.33,2646.02,332.3
562779,2013,1517.02,2171.42,407.67
562779,2014,1468.03,2092.44,509.64
562779,2015,1487.08,2100.37,539.43
562779,2016,1479.72,2081.71,643.94
562779,2017,1487.88,2107.84,702.53
562779,2018,1370.08,1903.17,682.03
562779,2019,1306.42,1798.15,771.13
562779,2020,1542.97,2207.3,384.29
564179,2006,1510.23,2142.57,532.98
564179,2007,1400.21,1944.93,486.09
564179,2008,1408.08,1984.55,585.17
564179,2009,1297.37,1792.87,681.86
564179,2010,1478.82,2090.33,521.09
564179,2011,1624.34,2344.04,599.77
564179,2012,1811.09,2657.09,321.06
564179,2013,1496.96,2136.4,428.27
564179,2014,1452.95,2066.29,502.39
564179,2015,1458.35,2049.7,539.69
564179,2016,1489.82,2102.19,501.03
564179,2017,1467.39,2074.92,680.97
564179,2018,1407.91,1970.4,619.39
564179,2019,1323.51,1829.3,744.01
564179,2020,1566.18,2247.86,363.51
564180,2006,1501.41,2126.95,527.11
564180,2007,1392.21,1930.42,481.5
564180,2008,1398.95,1968.21,588.34
564180,2009,1291.95,1782.74,677.95
564180,2010,1469.19,2072.96,530.2
564180,2011,1619.24,2334.46,602.7
564180,2012,1801.66,2640.06,324.06
564180,2013,1490.71,2124.92,424.99
564180,2014,1445.43,2052.82,497.49
564180,2015,1451.87,2037.96,536.2
564180,2016,1481.87,2087.51,513.58
564180,2017,1460.59,2061.86,690.4
564180,2018,1399.3,1953.61,633.97
564180,2019,1314.97,1814.51,768.8
564180,2020,1556.78,2231.26,363.26
564181,2006,1500.25,2125.13,524.85
564181,2007,1390.76,1927.68,482.6
564181,2008,1395.98,1962.88,592.93
564181,2009,1292.31,1783.23,674.05
564181,2010,1468.71,2071.84,552.43
564181,2011,1620.66,2336.65,605.65
564181,2012,1800.21,2637.23,325.38
564181,2013,1492.41,2127.71,418.78
564181,2014,1446.02,2053.8,490.46
564181,2015,1454.65,2042.74,527.5
564181,2016,1481.33,2086.18,522.63
564181,2017,1462.82,2064.77,707.45
564181,2018,1393.97,1943.97,643.71
564181,2019,1313.56,1811.83,793.19
564181,2020,1555.02,2227.61,374.95
564182,2006,1498.56,2122.28,531.14
564182,2007,1388.15,1922.88,480.12
564182,2008,1392.67,1956.81,601.32
564182,2009,1290.04,1779.25,670.16
564182,2010,1466.15,2067.09,571.56
564182,2011,1621.04,2336.99,611.05
564182,2012,1798.28,2633.5,327.38
564182,2013,1493.46,2129.44,412.91
564182,2014,1445.68,2053.12,487.81
564182,2015,1456.14,2045.3,534.44
564182,2016,1479.05,2081.73,532.76
564182,2017,1463.45,2066.04,716.54
564182,2018,1387.84,1933.25,639.94
564182,2019,1309.77,1803.99,806.48
564182,2020,1549.88,2218.28,386.58
564183,2006,1498.02,2121.41,543.47
564183,2007,1386.36,1919.35,478.55
564183,2008,1389.78,1951.36,605.77
564183,2009,1289.5,1778.24,666.46
564183,2010,1463.89,2062.95,580.18
564183,2011,1623.49,2340.7,615.7
564183,2012,1798.55,2633.38,331.53
564183,2013,1496.36,2134.18,411.26
564183,2014,1446.43,2054.21,492.02
564183,2015,1459.08,2050.26,563.31
564183,2016,1477.99,2079.28,557
564183,2017,1466.35,2069.54,713.32
564183,2018,1384.43,1925.66,622.54
564183,2019,1308.33,1801.22,810.7
564183,2020,1548.51,2215.13,401.23
564184,2006,1498.78,2123.04,553.59
564184,2007,1385.99,1918.49,480.39
564184,2008,1388.39,1948.64,607.55
564184,2009,1289.87,1778.94,665.29
564184,2010,1464.92,2064.64,568.86
564184,2011,1627.32,2346.99,620.32
564184,2012,1800.47,2636.36,333.83
564184,2013,1500.62,2141.54,411.57
564184,2014,1450.15,2060.55,494.87
564184,2015,1464.71,2060.03,583.92
564184,2016,1479.87,2082.1,574.99
564184,2017,1470.24,2076.36,721.08
564184,2018,1382.59,1923.67,622.66
564184,2019,1309.44,1802.36,789.84
564184,2020,1548.59,2215.45,410.69
564185,2006,1499.86,2125.05,562.73
564185,2007,1386.32,1918.76,481.16
564185,2008,1387.4,1946.58,609.14
564185,2009,1290.13,1779.33,665.74
564185,2010,1466.09,2066.46,547.88
564185,2011,1630.78,2352.61,621.01
564185,2012,1802.05,2638.71,333.47
564185,2013,1504.53,2148.24,411.54
564185,2014,1454.17,2067.29,495.1
564185,2015,1469.58,2068.43,587.52
564185,2016,1481.53,2084.49,574.57
564185,2017,1473.73,2081.51,720.24
564185,2018,1380.67,1920.53,638.6
564185,2019,1309.43,1802.72,755.2
564185,2020,1548.24,2215.63,414.4
564186,2006,1500.74,2126.74,570.57
564186,2007,1386.05,1918.11,481.79
564186,2008,1385.82,1943.61,616.47
564186,2009,1288.47,1776.53,664.46
564186,2010,1466.72,2067.32,527.68
564186,2011,1633.43,2356.86,620.34
564186,2012,1803.3,2640.45,331.73
564186,2013,1507.98,2154.19,409.64
564186,2014,1457.68,2073.22,494.46
564186,2015,1473.32,2074.93,569.36
564186,2016,1481.84,2084.57,588.72
564186,2017,1477.2,2088.33,710.94
564186,2018,1377.83,1915,656.87
564186,2019,1308.43,1799.95,731.92
564186,2020,1546.86,2212.72,411.95
564187,2006,1503.62,2132.06,581.72
564187,2007,1387.17,1920.12,483.27
564187,2008,1385.45,1942.86,633.21
564187,2009,1288.44,1776.67,666.04
564187,2010,1467.38,2068.65,533.54
564187,2011,1636.82,2362.73,625.62
564187,2012,1805.47,2644.09,332.54
564187,2013,1512.57,2162.43,408.52
564187,2014,1462.21,2081.22,499.58
564187,2015,1477.96,2083.29,531.92
564187,2016,1482.65,2085.93,611.76
564187,2017,1482.25,2096.11,718
564187,2018,1376.38,1912.73,665.77
564187,2019,1308.81,1800.45,731.15
564187,2020,1546.46,2212.72,402.63
564188,2006,1507.84,2140.06,583.13
564188,2007,1389.59,1924.76,481.56
564188,2008,1386.21,1944.51,643.11
564188,2009,1290.27,1780.37,663.08
564188,2010,1469.54,2072.85,567.34
564188,2011,1640.61,2369.63,630.65
564188,2012,1808.46,2649.46,332.79
564188,2013,1518.02,2172.47,406.21
564188,2014,1467.87,2091.49,502.66
564188,2015,1484.89,2095.86,520.57
564188,2016,1483.21,2087.35,636.43
564188,2017,1486.69,2105.2,722.44
564188,2018,1376.68,1913.71,668.99
564188,2019,1310.49,1804.47,743.84
564188,2020,1546.64,2214.13,394.71
564189,2006,1510.53,2144.85,583.17
564189,2007,1390.55,1926.5,480.84
564189,2008,1385.38,1942.98,649.11
564189,2009,1292.98,1784.97,655.85
564189,2010,1471.34,2075.89,587.25
564189,2011,1640.49,2369.5,633.84
564189,2012,1809.44,2651.07,333.48
564189,2013,1521.02,2177.98,405.47
564189,2014,1471.71,2098.35,502.05
564189,2015,1490.21,2105.27,547.68
564189,2016,1483.3,2087.5,648.76
564189,2017,1491.03,2112.36,692.11
564189,2018,1374.97,1910.83,662.76
564189,2019,1309.74,1803.94,769.92
564189,2020,1544.12,2209.31,386.58
564190,2006,1513.34,2149.62,577.16
564190,2007,1391.52,1928.1,481.65
564190,2008,1383.79,1940.01,649.2
564190,2009,1295.88,1789.74,644.64
564190,2010,1472.43,2077.58,579.66
564190,2011,1639.51,2367.81,630.32
564190,2012,1809.62,2651.2,331.12
564190,2013,1523.21,2182,401.73
564190,2014,1475.57,2105.12,495.37
564190,2015,1494.34,2112.54,560.65
564190,2016,1483.21,2087.17,642.6
564190,2017,1495.17,2119.46,658.75
564190,2018,1372.6,1907.68,650.81
564190,2019,1308.02,1801.44,776.41
564190,2020,1540.56,2203.35,381.86
564191,2006,1516.55,2155.39,569.93
564191,2007,1393,1930.83,480.03
564191,2008,1382.49,1937.85,651
564191,2009,1298.27,1794.01,635.82
564191,2010,1473.96,2080.36,565.75
564191,2011,1639.44,2367.91,624.1
564191,2012,1810.75,2653.17,328.68
564191,2013,1525.92,2187.13,396.07
564191,2014,1480.71,2114.25,485.53
564191,2015,1498.89,2120.69,553.54
564191,2016,1483.65,2088.02,638.41
564191,2017,1499.32,2127.84,664.4
564191,2018,1372.64,1906.95,667.16
564191,2019,1307.6,1800.79,767.81
564191,2020,1539.97,2200.68,389.13
565589,2006,1515.25,2151.95,527.92
565589,2007,1405.67,1955.39,477.59
565589,2008,1414.03,1995.43,584.67
565589,2009,1304.33,1805.49,678.43
565589,2010,1484.58,2101.09,502.28
565589,2011,1633.98,2361.07,599.02
565589,2012,1818.85,2670.91,322.17
565589,2013,1504.31,2149.74,426.55
565589,2014,1458.4,2076.53,502.95
565589,2015,1463.18,2058.59,551
565589,2016,1495.21,2112.19,488.3
565589,2017,1471.63,2082.34,697.3
565589,2018,1414.3,1981.59,601.76
565589,2019,1325.31,1832.68,746.8
565589,2020,1566.16,2249.1,376.46
565590,2006,1508.53,2139.81,518.34
565590,2007,1398.84,1942.81,474.25
565590,2008,1406.06,1981.03,586.11
565590,2009,1299.94,1797.09,672.84
565590,2010,1477.17,2087.44,507.29
565590,2011,1630.96,2355.02,602.73
565590,2012,1811.83,2657.92,326.45
565590,2013,1500,2141.5,422.7
565590,2014,1453.8,2067.89,500.5
565590,2015,1459.38,2051.35,544.52
565590,2016,1489.26,2100.88,495.36
565590,2017,1466.49,2073.41,694.91
565590,2018,1407.62,1968.83,604.6
565590,2019,1319.6,1822.7,757.36
565590,2020,1559.12,2236.58,368.15
565591,2006,1509.41,2141.32,512.09
565591,2007,1398,1941.04,475.1
565591,2008,1403.67,1976.61,589.59
565591,2009,1300.09,1797.17,668.09
565591,2010,1477.4,2087.5,528.34
565591,2011,1633.71,2359.43,604.84
565591,2012,1812.11,2658.02,327.23
565591,2013,1502.91,2146.31,416.46
565591,2014,1455.03,2069.89,493.74
565591,2015,1462.83,2057.23,538.8
565591,2016,1489.65,2101.09,505.22
565591,2017,1469.49,2077.87,702.24
565591,2018,1404.54,1962.03,601.53
565591,2019,1319.61,1822.92,778.55
565591,2020,1559.27,2236.01,379.83
565592,2006,1510.47,2143.03,520.42
565592,2007,1398,1940.54,471.89
565592,2008,1402.68,1974.36,596.95
565592,2009,1300.45,1797.45,665.93
565592,2010,1477.8,2087.65,559.96
565592,2011,1636.52,2363.79,607.71
565592,2012,1812.98,2659,328.49
565592,2013,1506.46,2152.15,412.42
565592,2014,1457.1,2073.17,491.55
565592,2015,1467.16,2064.49,543.31
565592,2016,1490.81,2102.39,526.45
565592,2017,1473.23,2083.38,711.41
565592,2018,1401.7,1958.4,596.11
565592,2019,1320.16,1821.81,798.19
565592,2020,1557.49,2232.01,397.25
565593,2006,1509.08,2140.74,535.1
565593,2007,1396.18,1936.99,471.92
565593,2008,1399.6,1968.67,602.54
565593,2009,1299.34,1795.55,665.59
565593,2010,1476.28,2084.73,572.43
565593,2011,1638.4,2366.61,612.28
565593,2012,1812.87,2658.31,332.43
565593,2013,1508.93,2156.23,412.43
565593,2014,1457.72,2074.07,496.07
565593,2015,1469.44,2068.42,567.35
565593,2016,1489.86,2100.2,556.34
565593,2017,1476.37,2086.73,709.48
565593,2018,1397.12,1949.04,589.84
565593,2019,1318.25,1818.67,807.33
565593,2020,1555.35,2227.72,409.03
565594,2006,1507.92,2138.85,547.9
565594,2007,1394.39,1933.56,475.32
565594,2008,1396.39,1962.75,605.38
565594,2009,1297.56,1792.55,665.02
565594,2010,1476.11,2084.11,555.91
565594,2011,1640.53,2369.84,619.8
565594,2012,1813.25,2658.5,335.61
565594,2013,1511.52,2160.55,412.46
565594,2014,1460.26,2078.2,497.52
565594,2015,1473.03,2074.53,584.62
565594,2016,1489.87,2099.71,569.74
565594,2017,1478.4,2090.28,712.69
565594,2018,1394.48,1944.3,597.14
565594,2019,1318.08,1817.93,794.03
565594,2020,1554.4,2226.14,411.84
565595,2006,1508.42,2139.65,558.33
565595,2007,1393.77,1932,477.5
565595,2008,1394.2,1958.5,605.69
565595,2009,1296.26,1790.1,664.54
565595,2010,1477.11,2085.32,528.04
565595,2011,1643.34,2374.18,620.4
565595,2012,1814.41,2659.97,336
565595,2013,1514.78,2165.94,411.14
565595,2014,1463.81,2083.91,496.13
565595,2015,1477.34,2081.73,585.94
565595,2016,1491.01,2101.02,575.9
565595,2017,1481.67,2095.54,722.51
565595,2018,1392.82,1940.66,619.57
565595,2019,1318.71,1818.11,767.52
565595,2020,1554.04,2225.75,406.09
565596,2006,1509.06,2140.79,564.99
565596,2007,1392.83,1930.11,478.88
565596,2008,1391.8,1954.07,613.44
565596,2009,1294.4,1786.87,660.65
565596,2010,1477.2,2085.22,500.18
565596,2011,1645.61,2377.73,618.16
565596,2012,1815.35,2661.13,334.72
565596,2013,1517.93,2171.26,408.64
565596,2014,1466.77,2088.78,493.15
565596,2015,1480.34,2086.9,566.7
565596,2016,1490.96,2100.34,586.73
565596,2017,1484.73,2100.73,723.27
565596,2018,1389.17,1934.69,641.83
565596,2019,1317.99,1816.45,751.65
565596,2020,1553.4,2223.56,400.13
565597,2006,1511.24,2144.99,572.65
565597,2007,1393.42,1931.34,478.54
565597,2008,1390.76,1952.39,631.37
565597,2009,1294.08,1786.64,661.96
565597,2010,1478.18,2087.17,504.15
565597,2011,1648.27,2382.49,622.37
565597,2012,1816.67,2663.47,336.52
565597,2013,1521.94,2178.63,407.48
565597,2014,1470.67,2095.82,494.06
565597,2015,1484.55,2094.66,538.47
565597,2016,1491.45,2101.29,617.32
565597,2017,1489.74,2108.44,729.63
565597,2018,1387.17,1933.11,661.56
565597,2019,1319.36,1818.24,750.37
565597,2020,1553.74,2225.36,398.9
565598,2006,1514.17,2150.66,575.11
565598,2007,1394.45,1933.41,478.87
565598,2008,1390.55,1952.18,642.93
565598,2009,1295.69,1789.76,656.17
565598,2010,1479.2,2089.25,534.62
565598,2011,1650.59,2386.73,627.54
565598,2012,1817.91,2665.72,336.21
565598,2013,1526.01,2186.15,404.87
565598,2014,1475.11,2103.83,494.19
565598,2015,1490.57,2105.46,533.38
565598,2016,1491.32,2101.33,647.73
565598,2017,1493.5,2115.69,719.82
565598,2018,1385.9,1930.39,662.21
565598,2019,1318.04,1817.08,749.58
565598,2020,1551.94,2222.12,398.02
565599,2006,1516.98,2155.65,576.8
565599,2007,1395.65,1935.42,481.89
565599,2008,1390.21,1951.39,647.55
565599,2009,1298.4,1794.27,651.02
565599,2010,1480.39,2091.2,547.66
565599,2011,1650.34,2386.35,631.78
565599,2012,1818.04,2665.77,335.31
565599,2013,1528.95,2191.48,403.5
565599,2014,1478.88,2110.47,493.55
565599,2015,1496.16,2115.23,557.69
565599,2016,1491.51,2101.52,653.56
565599,2017,1498.08,2123.71,680.36
565599,2018,1383.58,1925.77,639.78
565599,2019,1317.5,1817.4,766.5
565599,2020,1549.18,2218.09,395.33
565600,2006,1518.68,2158.48,569.82
565600,2007,1395.77,1935.4,479.79
565600,2008,1388.47,1948.03,647.71
565600,2009,1299.73,1796.27,639.7
565600,2010,1480,2090.3,539.03
565600,2011,1648.17,2382.54,625.28
565600,2012,1816.08,2662.09,331.32
565600,2013,1530.03,2193.5,397.9
565600,2014,1481.56,2115.09,484.53
565600,2015,1498.85,2119.93,563.34
565600,2016,1490.78,2099.93,641.39
565600,2017,1500.3,2128.13,651.05
565600,2018,1380.11,1920.27,636.39
565600,2019,1315.41,1813.95,773.94
565600,2020,1545.07,2210.31,392.76
565601,2006,1521.27,2163.02,557.95
565601,2007,1396.68,1936.9,473.44
565601,2008,1387.31,1945.86,648.21
565601,2009,1301.59,1799.44,629.37
565601,2010,1480.96,2091.87,524.67
565601,2011,1647.41,2381.26,615.88
565601,2012,1815.75,2661.34,326.79
565601,2013,1532.05,2197.24,391.18
565601,2014,1485.41,2121.88,472.98
565601,2015,1502.97,2127.09,554.55
565601,2016,1490.35,2099.11,642.87
565601,2017,1502.89,2133.34,668.29
565601,2018,1379.38,1917.25,663.79
565601,2019,1315.19,1812.54,764.28
565601,2020,1544.06,2207.08,399.48
566998,2006,1527.11,2173.68,528.76
566998,2007,1418.35,1979.05,467.76
566998,2008,1428.14,2021.05,577
566998,2009,1316.36,1827.69,674.07
566998,2010,1497.4,2124.91,513.94
566998,2011,1646.23,2383.49,591.7
566998,2012,1832.8,2696.29,318.16
566998,2013,1515.76,2170.99,427.4
566998,2014,1468.75,2095.86,505.62
566998,2015,1471.64,2074.46,582.34
566998,2016,1506.14,2132.83,467.01
566998,2017,1481.62,2099.43,706
566998,2018,1426.71,2004.67,600.98
566998,2019,1332.6,1847.58,755.64
566998,2020,1571.62,2261.45,386.18
566999,2006,1523.48,2166.72,521.68
566999,2007,1413.66,1969.99,466.59
566999,2008,1422.59,2010.66,582.16
566999,2009,1312.48,1820.1,672.02
566999,2010,1493.1,2116.49,497.43
566999,2011,1646.32,2382.67,597.19
566999,2012,1829.36,2689.38,323.82
566999,2013,1514.26,2167.45,424.9
566999,2014,1466.85,2091.8,502.73
566999,2015,1470.62,2071.9,571.47
566999,2016,1503.29,2126.71,469.78
566999,2017,1478.53,2094.87,703.21
566999,2018,1423.46,1998.45,589.98
566999,2019,1329.78,1841.61,751.16
566999,2020,1569.37,2255.27,383.07
567000,2006,1517.13,2155.27,509.24
567000,2007,1406.69,1957.23,466.17
567000,2008,1414.68,1996.4,583.93
567000,2009,1308.62,1812.66,667.31
567000,2010,1487.05,2105.24,498.17
567000,2011,1644.35,2378.5,601.57
567000,2012,1823.68,2678.77,328.23
567000,2013,1510.74,2160.64,421.38
567000,2014,1463.21,2084.84,501.45
567000,2015,1468.14,2066.95,564.3
567000,2016,1498.11,2116.78,475.51
567000,2017,1474.21,2087.85,686.18
567000,2018,1418.24,1988.58,568.88
567000,2019,1325.48,1834.42,749.41
567000,2020,1565.43,2247.34,364.85
567001,2006,1518.59,2157.44,501.3
567001,2007,1405.4,1954.52,465.21
567001,2008,1412.16,1991.59,586.28
567001,2009,1309.09,1813.02,662.02
567001,2010,1487.14,2104.84,511.43
567001,2011,1647.13,2382.73,603.35
567001,2012,1824.23,2679.13,328.22
567001,2013,1513.71,2165.32,414.47
567001,2014,1464.24,2086.26,498.42
567001,2015,1471.66,2072.74,553.27
567001,2016,1498.85,2117.36,492.58
567001,2017,1477.89,2092.89,686.51
567001,2018,1414.04,1981.7,558.26
567001,2019,1325.57,1834.11,766.67
567001,2020,1563.61,2243.29,367.08
567002,2006,1520.02,2159.8,511.49
567002,2007,1405.99,1954.95,464.11
567002,2008,1411.88,1990.53,591.48
567002,2009,1309.98,1814.23,662.09
567002,2010,1488.67,2106.86,549.18
567002,2011,1650.78,2388.49,604.37
567002,2012,1826.23,2681.96,329.59
567002,2013,1518.24,2172.77,411.68
567002,2014,1467.48,2091.39,497.45
567002,2015,1476.99,2081.67,554.97
567002,2016,1501.68,2121.49,528.39
567002,2017,1483.22,2099.9,695.27
567002,2018,1413.82,1979.97,574.92
567002,2019,1327.07,1834.63,797.78
567002,2020,1562.19,2241.76,385.06
567003,2006,1519.43,2158.64,528.21
567003,2007,1405.36,1953.31,465.98
567003,2008,1409.41,1985.73,597.94
567003,2009,1309.09,1812.59,664.04
567003,2010,1488.41,2105.86,558.28
567003,2011,1653.3,2392.25,608.63
567003,2012,1827.12,2682.86,332.83
567003,2013,1521.45,2177.93,411.86
567003,2014,1469.83,2094.99,497.67
567003,2015,1479.84,2086.38,569.51
567003,2016,1502.49,2122.14,555.29
567003,2017,1486.75,2104.19,702.16
567003,2018,1412.44,1976.53,580.85
567003,2019,1326.41,1832.81,812.11
567003,2020,1560.65,2237.15,394.33
567004,2006,1518.54,2156.94,543.53
567004,2007,1404.24,1950.81,469.98
567004,2008,1406.29,1979.83,601.4
567004,2009,1306.68,1808.3,662.58
567004,2010,1488.96,2106.17,534.34
567004,2011,1656.24,2396.69,616.82
567004,2012,1828.7,2684.96,336.76
567004,2013,1524.76,2183.27,413.51
567004,2014,1472.87,2099.76,498.7
567004,2015,1483.48,2092.36,579.28
567004,2016,1503.13,2122.49,562.08
567004,2017,1488.63,2107.96,702.89
567004,2018,1411.93,1973.63,590.96
567004,2019,1326.93,1832.8,799.57
567004,2020,1560,2235.09,394.5
567005,2006,1518.05,2156.13,553.29
567005,2007,1402.13,1946.83,471.85
567005,2008,1402.22,1972.57,602.22
567005,2009,1303.76,1803.24,661.91
567005,2010,1488.86,2105.58,505.92
567005,2011,1658.04,2399.4,618.71
567005,2012,1829.07,2685.17,338.49
567005,2013,1526.99,2186.97,413.45
567005,2014,1475.08,2103.28,498.56
567005,2015,1485.84,2096.36,576.61
567005,2016,1502.6,2121.08,569.55
567005,2017,1490.27,2111.49,707.61
567005,2018,1408.91,1968.89,614.68
567005,2019,1328.23,1834.24,781.15
567005,2020,1559.26,2234.59,391.95
567006,2006,1518.95,2158.17,560.14
567006,2007,1401.35,1945.72,471.82
567006,2008,1399.76,1968.52,611.88
567006,2009,1301.54,1799.88,659.52
567006,2010,1489.79,2107.3,479.4
567006,2011,1660.22,2403.26,618.11
567006,2012,1829.76,2686.36,338.77
567006,2013,1530.43,2193.21,411.36
567006,2014,1478.12,2108.68,497.23
567006,2015,1489.27,2102.73,561.98
567006,2016,1503.53,2122.57,587.79
567006,2017,1494.33,2117.99,728.53
567006,2018,1406.38,1965.23,627.63
567006,2019,1329.33,1836.86,770.28
567006,2020,1560.51,2237.18,387.54
567007,2006,1520.07,2160.31,563.04
567007,2007,1400.61,1944.45,475.14
567007,2008,1398.12,1965.63,627.82
567007,2009,1300.52,1798.25,656.72
567007,2010,1491.24,2109.73,480.73
567007,2011,1661.76,2405.91,620.06
567007,2012,1829.82,2686.36,340.57
567007,2013,1533.52,2198.78,408
567007,2014,1481.41,2114.47,493.35
567007,2015,1493.22,2109.79,544.03
567007,2016,1503.99,2123.21,618.67
567007,2017,1499.03,2124.62,729.16
567007,2018,1403.85,1959.58,634.77
567007,2019,1330.67,1838.05,755.35
567007,2020,1559.88,2238.27,389.44
567008,2006,1520.72,2161.8,569.03
567008,2007,1398.66,1941.05,479.59
567008,2008,1395.15,1960.41,642.87
567008,2009,1300.32,1797.91,653.01
567008,2010,1491.11,2109.4,506.3
567008,2011,1661.47,2405.38,625.13
567008,2012,1828.23,2683.45,341.32
567008,2013,1534.95,2201.46,404.98
567008,2014,1483.21,2117.67,491.18
567008,2015,1496.72,2115.93,546.36
567008,2016,1501.77,2119.28,654.97
567008,2017,1501.21,2127.53,715.63
567008,2018,1398.62,1952.73,643.13
567008,2019,1328.72,1835.13,752.35
567008,2020,1558.25,2234.09,398.92
567009,2006,1522.38,2164.51,570.62
567009,2007,1399.88,1942.63,480.18
567009,2008,1395.1,1959.7,645.45
567009,2009,1302.29,1800.79,646.85
567009,2010,1490.22,2107.55,519.04
567009,2011,1660.49,2403.42,628.85
567009,2012,1826.77,2680.4,339.28
567009,2013,1537.16,2205.18,401.17
567009,2014,1486.76,2123.49,490.04
567009,2015,1501.38,2123.72,558.83
567009,2016,1501.2,2117.68,657.4
567009,2017,1504.74,2134.78,681.91
567009,2018,1392.85,1942.66,636.37
567009,2019,1328.63,1834.54,770.47
567009,2020,1555.67,2228.34,407.77
567010,2006,1523.37,2166.06,564.96
567010,2007,1399.2,1941.03,477.11
567010,2008,1392.94,1955.46,645.64
567010,2009,1303.78,1802.9,634.54
567010,2010,1488.29,2103.96,505.13
567010,2011,1657.29,2397.8,621.18
567010,2012,1822.99,2673.5,332.49
567010,2013,1537.23,2205.39,394.09
567010,2014,1488.01,2125.57,477.2
567010,2015,1503.51,2127.31,558.76
567010,2016,1498.53,2112.68,645.17
567010,2017,1505.31,2136.21,661.01
567010,2018,1386.92,1932.58,646.83
567010,2019,1326.12,1830.31,782
567010,2020,1550.54,2217.56,413.22
567011,2006,1525.05,2169.18,547.24
567011,2007,1398.86,1940.48,470.89
567011,2008,1390.74,1951.63,646.33
567011,2009,1305,1805.05,623.33
567011,2010,1487.35,2102.44,481.85
567011,2011,1655.02,2394.07,609.63
567011,2012,1820.43,2669.05,326.69
567011,2013,1537.6,2206.43,386.76
567011,2014,1489.32,2128.21,464.32
567011,2015,1506.1,2131.95,554.6
567011,2016,1495.68,2107.87,649.85
567011,2017,1506.12,2137.66,683.33
567011,2018,1383.9,1926.87,674.6
567011,2019,1324.4,1826.38,772.14
567011,2020,1547.78,2212.38,420.57
568408,2006,1536.25,2190.16,526.78
568408,2007,1427.98,1996.75,464.23
568408,2008,1438.26,2039.12,577.04
568408,2009,1325.51,1844.13,673
568408,2010,1506.01,2140.68,538.13
568408,2011,1659.2,2406.33,584.79
568408,2012,1843,2714.42,321.84
568408,2013,1525.84,2189.15,427.3
568408,2014,1476.89,2110.92,506.78
568408,2015,1478.87,2087.58,586.83
568408,2016,1513.9,2146.96,452.33
568408,2017,1486.35,2110.06,696.1
568408,2018,1436.92,2023.29,615.44
568408,2019,1339.5,1860.66,750.11
568408,2020,1577.73,2272.09,377.64
568409,2006,1534.63,2186.83,516.21
568409,2007,1424.68,1990.3,463.82
568409,2008,1434.04,2031.18,580.16
568409,2009,1324.18,1840.92,668.74
568409,2010,1504.21,2136.7,523.73
568409,2011,1661.51,2409.47,593.5
568409,2012,1841.93,2711.68,326.43
568409,2013,1526.6,2189.62,424.12
568409,2014,1477.59,2111.35,499.98
568409,2015,1480.41,2089.57,594.19
568409,2016,1513.46,2145.2,455.5
568409,2017,1487.26,2110.29,692.86
568409,2018,1435.96,2019.49,596.91
568409,2019,1338.52,1858.31,754.29
568409,2020,1577.28,2269.02,371.76
568410,2006,1529.16,2176.88,505.37
568410,2007,1417.84,1977.75,461.35
568410,2008,1426.04,2016.77,583.24
568410,2009,1321.2,1834.94,663.27
568410,2010,1498.9,2126.66,512.48
568410,2011,1660.29,2406.56,601.01
568410,2012,1837.29,2702.78,330.98
568410,2013,1523.76,2183.91,421.24
568410,2014,1473.6,2103.74,498.42
568410,2015,1478.57,2085.7,594.32
568410,2016,1509.15,2136.7,465.56
568410,2017,1484.81,2104.35,679.61
568410,2018,1428.29,2006.88,559.56
568410,2019,1334.21,1849.82,764.99
568410,2020,1573.1,2259.52,354.95
568411,2006,1528.93,2175.91,496.44
568411,2007,1415.61,1973.01,461.17
568411,2008,1422.65,2010.13,586.93
568411,2009,1320.32,1832.86,659.76
568411,2010,1498.41,2124.93,504.54
568411,2011,1662.96,2410.3,604.66
568411,2012,1838.18,2703.42,331.81
568411,2013,1526.46,2187.82,416.67
568411,2014,1474.83,2105.11,494.95
568411,2015,1482.02,2090.98,578.52
568411,2016,1510.25,2137.52,488.3
568411,2017,1486.67,2107.41,672.05
568411,2018,1429.04,2006.41,554.83
568411,2019,1334.21,1850.17,784.09
568411,2020,1571.28,2256.21,352.85
568412,2006,1532.38,2181.66,504.41
568412,2007,1417.42,1975.53,459.39
568412,2008,1423.48,2010.98,586.45
568412,2009,1321.58,1834.8,656.88
568412,2010,1502.76,2131.7,524.7
568412,2011,1668.63,2419.5,603.18
568412,2012,1842.74,2710.75,330.25
568412,2013,1533.03,2198.75,411.07
568412,2014,1480.94,2115.09,492.6
568412,2015,1489.13,2102.98,577.35
568412,2016,1515.38,2145.61,520.85
568412,2017,1494.02,2119.14,677.4
568412,2018,1429.66,2007.52,579.87
568412,2019,1337.72,1853.7,808
568412,2020,1570.16,2256.32,361.2
568413,2006,1531.07,2179.1,522.07
568413,2007,1415.76,1972.09,461.75
568413,2008,1420.09,2004.59,590.79
568413,2009,1319.36,1830.82,659.01
568413,2010,1502.8,2131,525.58
568413,2011,1670.55,2422.14,603.83
568413,2012,1843.44,2711.24,332.78
568413,2013,1535.69,2202.86,410.89
568413,2014,1482.67,2117.5,493.66
568413,2015,1491.16,2106.18,586.48
568413,2016,1515.5,2145,548.14
568413,2017,1496.57,2122.22,694.31
568413,2018,1425.96,2001.33,597.17
568413,2019,1337.28,1853.07,818.94
568413,2020,1566.47,2249.77,366.13
568414,2006,1533.39,2183.24,539.38
568414,2007,1417.5,1974.95,466.6
568414,2008,1418.86,2002.42,598.04
568414,2009,1319,1830.39,660.9
568414,2010,1506.45,2137.03,502.27
568414,2011,1675.91,2431.14,608.28
568414,2012,1847.63,2718.22,336.97
568414,2013,1541.82,2213.38,414.86
568414,2014,1488.27,2127,498.16
568414,2015,1496.91,2116.25,594.16
568414,2016,1519.6,2151.77,560.38
568414,2017,1502.71,2131.31,719.38
568414,2018,1428.66,2003.03,605.15
568414,2019,1341.69,1859.01,808.57
568414,2020,1568.96,2252.63,369.65
568415,2006,1534.44,2184.94,550.92
568415,2007,1415.97,1971.95,471.07
568415,2008,1415.38,1996.18,601.55
568415,2009,1317.05,1826.95,661.68
568415,2010,1507.5,2138.43,483.74
568415,2011,1678.94,2435.96,612.01
568415,2012,1849.57,2721.11,342.34
568415,2013,1545.4,2219.33,417.13
568415,2014,1491.7,2132.57,501.68
568415,2015,1500.35,2122.11,594.69
568415,2016,1521.33,2154.24,575.35
568415,2017,1505.89,2138.06,738.38
568415,2018,1428.62,2002.66,616.46
568415,2019,1343.16,1860.84,792.26
568415,2020,1567.97,2251.18,381.68
568416,2006,1532.49,2181.49,556.86
568416,2007,1411.33,1963.56,470.02
568416,2008,1409.85,1986.3,611.21
568416,2009,1311.79,1817.88,658.76
568416,2010,1506.35,2135.95,470.16
568416,2011,1679.33,2436.12,615.39
568416,2012,1848.59,2718.83,345.97
568416,2013,1546.81,2221.47,415.38
568416,2014,1493.51,2135.25,500.56
568416,2015,1501.19,2123.43,578.85
568416,2016,1520.49,2152.1,595.85
568416,2017,1507.64,2140.49,730.23
568416,2018,1424.72,1996.94,617.77
568416,2019,1343.39,1862.13,779.18
568416,2020,1567.42,2248.47,385.02
568417,2006,1529.87,2177.22,557.77
568417,2007,1406.95,1956,470.16
568417,2008,1404.84,1977.62,626.36
568417,2009,1307.56,1810.7,653.01
568417,2010,1505.16,2133.7,478.04
568417,2011,1678.6,2434.82,619.91
568417,2012,1846.36,2714.8,351.06
568417,2013,1547.76,2223.25,414.31
568417,2014,1494.56,2137.02,499.03
568417,2015,1502.54,2125.93,561.55
568417,2016,1518.98,2149.19,626.39
568417,2017,1510.16,2144.48,721.63
568417,2018,1420.94,1989.38,630.99
568417,2019,1345.54,1863.28,766.23
568417,2020,1566.94,2249.3,385.86
568418,2006,1527.98,2174.35,561.39
568418,2007,1405.12,1952.86,470.86
568418,2008,1402.1,1972.85,639.72
568418,2009,1306.36,1808.72,646.47
568418,2010,1506.01,2134.93,492.76
568418,2011,1676.99,2432.15,620.34
568418,2012,1843.11,2709.15,349.43
568418,2013,1548.18,2224.26,406.07
568418,2014,1495.7,2139.12,494.77
568418,2015,1505.17,2130.69,556.09
568418,2016,1516.68,2145.08,649.95
568418,2017,1512.41,2149.48,710.95
568418,2018,1415.06,1981.37,648.71
568418,2019,1344.2,1861.64,761.26
568418,2020,1564.48,2244.65,394.37
568419,2006,1527.24,2172.7,569.42
568419,2007,1404.06,1950.18,479.23
568419,2008,1399.76,1967.97,648.22
568419,2009,1306.2,1807.67,644
568419,2010,1502,2127.45,498.7
568419,2011,1672.24,2423.54,624.14
568419,2012,1836.92,2697.78,346.56
568419,2013,1546.58,2221.25,400.99
568419,2014,1495.43,2138.18,491.99
568419,2015,1506.03,2131.69,553.89
568419,2016,1511.28,2135,661.65
568419,2017,1510.85,2147.61,698.49
568419,2018,1407.15,1966.8,666.19
568419,2019,1339.41,1853.57,784.47
568419,2020,1558.3,2232.87,413.02
568420,2006,1528.07,2173.96,566.33
568420,2007,1403.92,1949.34,480.17
568420,2008,1398.14,1964.56,651.13
568420,2009,1309.37,1812.54,636.7
568420,2010,1497.51,2119.58,476.74
568420,2011,1668.11,2416.33,619.52
568420,2012,1831.42,2687.91,340.99
568420,2013,1545.64,2219.7,396.49
568420,2014,1493.96,2135.7,483.24
568420,2015,1507.53,2134.06,548.42
568420,2016,1504.93,2123.76,661.54
568420,2017,1509.6,2144.97,694.94
568420,2018,1399.31,1953.04,689
568420,2019,1333.93,1843.46,808.8
568420,2020,1553.74,2224.21,429.91
568421,2006,1531.64,2180.24,550.97
568421,2007,1405.11,1951.25,474.53
568421,2008,1397.4,1963.12,654.59
568421,2009,1312.03,1816.98,628.13
568421,2010,1497.12,2118.88,451.19
568421,2011,1666.67,2413.98,608.73
568421,2012,1829,2683.61,331.94
568421,2013,1546.81,2222.02,389.09
568421,2014,1496.24,2139.86,471.34
568421,2015,1511.53,2140.97,554.6
568421,2016,1502.63,2119.73,662.72
568421,2017,1512.12,2147.87,715.05
568421,2018,1394.63,1945.29,702.54
568421,2019,1331.89,1839.05,803.34
568421,2020,1552.49,2221.34,437.69
569817,2006,1540.72,2198.27,529.42
569817,2007,1432.28,2005.16,458.85
569817,2008,1444.15,2049.91,572.45
569817,2009,1332.35,1856.53,671.83
569817,2010,1508.5,2146.06,550.24
569817,2011,1660.72,2409.81,584.14
569817,2012,1845.47,2719.54,319.72
569817,2013,1527.48,2193.15,425.8
569817,2014,1476.9,2112.27,511.68
569817,2015,1478.49,2087.6,576.7
569817,2016,1515.42,2150.58,424.93
569817,2017,1486.94,2110.49,670.36
569817,2018,1440.1,2029.14,616.01
569817,2019,1342.33,1867.27,723.38
569817,2020,1579.29,2274.78,364.09
569818,2006,1541.96,2200.24,523.62
569818,2007,1434.07,2007.66,456.95
569818,2008,1445.03,2050.96,574.02
569818,2009,1332.93,1857.06,670.4
569818,2010,1512.58,2152.39,551.91
569818,2011,1669.25,2423.7,581.91
569818,2012,1850.21,2726.89,321.1
569818,2013,1533.54,2202.75,427.84
569818,2014,1483,2121.99,505.72
569818,2015,1484.63,2097.65,582.44
569818,2016,1520.2,2157.97,444.11
569818,2017,1491.54,2118.19,681.62
569818,2018,1444.77,2035.79,617.36
569818,2019,1346.52,1872.63,728.49
569818,2020,1583.6,2280.84,369.58
569819,2006,1541.68,2199.3,518.11
569819,2007,1431.87,2003.23,456.42
569819,2008,1441.83,2044.91,576.3
569819,2009,1332.28,1855.19,665.74
569819,2010,1512.14,2150.85,529.57
569819,2011,1673.31,2429.95,584.34
569819,2012,1851.26,2727.88,324.19
569819,2013,1535.92,2206.08,426.21
569819,2014,1485.29,2125.15,499.3
569819,2015,1487.39,2101.81,595.58
569819,2016,1520.95,2158.35,450.73
569819,2017,1492.57,2119.2,691.13
569819,2018,1445.17,2036,605.79
569819,2019,1345.99,1871.49,735.27
569819,2020,1583.74,2280.15,364.94
569820,2006,1540.49,2196.9,512.67
569820,2007,1428.87,1997.52,456.42
569820,2008,1437.97,2037.8,581.24
569820,2009,1331.25,1852.83,662.78
569820,2010,1510.85,2147.98,511.83
569820,2011,1676.06,2434.07,589.38
569820,2012,1850.92,2726.61,327.45
569820,2013,1537.06,2207.45,421.93
569820,2014,1484.77,2123.73,496.22
569820,2015,1488.83,2103.88,605.7
569820,2016,1520.87,2157.37,463.31
569820,2017,1493.93,2120.61,681.59
569820,2018,1442.39,2031.12,591.15
569820,2019,1344.44,1868.27,758.26
569820,2020,1581.47,2276.14,352.81
569821,2006,1541.92,2199.1,509.76
569821,2007,1428.42,1996.18,457.4
569821,2008,1436.43,2034.63,586.37
569821,2009,1330.83,1851.85,659.54
569821,2010,1512.8,2150.67,500.72
569821,2011,1680.26,2440.73,594.45
569821,2012,1853.65,2730.71,329.38
569821,2013,1541.33,2214.32,420.21
569821,2014,1488.28,2129.22,494.68
569821,2015,1493.83,2112.14,613.17
569821,2016,1524.03,2162.07,485.48
569821,2017,1498.68,2127.54,673.26
569821,2018,1443.24,2032.06,595.63
569821,2019,1345.17,1868.47,794.44
569821,2020,1579.82,2273.53,352.77
569822,2006,1541.62,2198.4,514.09
569822,2007,1426.24,1991.93,459.33
569822,2008,1433.3,2028.75,588.66
569822,2009,1329.29,1848.98,657.8
569822,2010,1513.14,2150.59,505.94
569822,2011,1682.52,2444.14,598.83
569822,2012,1855.08,2732.63,330.68
569822,2013,1544.24,2218.99,416.25
569822,2014,1490.72,2132.95,494.28
569822,2015,1496.26,2116.15,623.24
569822,2016,1524.98,2163.07,512.12
569822,2017,1501.37,2133.16,686.37
569822,2018,1442.11,2030.05,619.37
569822,2019,1344.34,1865.66,824.08
569822,2020,1573.7,2262.86,358.12
569823,2006,1540.16,2195.5,527.62
569823,2007,1424.68,1988.66,463.17
569823,2008,1430.01,2022.56,594.21
569823,2009,1327.51,1845.81,659.97
569823,2010,1513.45,2150.34,502.63
569823,2011,1684.88,2447.54,604.95
569823,2012,1856.59,2734.53,336.33
569823,2013,1547.16,2223.51,415.1
569823,2014,1492.53,2135.47,495.6
569823,2015,1498.41,2119.55,636.5
569823,2016,1525.37,2162.92,538.57
569823,2017,1504.5,2136.48,729.13
569823,2018,1439.98,2024.68,629.93
569823,2019,1344.48,1865.81,820.65
569823,2020,1570.86,2256.84,358.33
569824,2006,1542.5,2199.56,542.99
569824,2007,1425.23,1989.48,465.9
569824,2008,1427.68,2018.55,599.49
569824,2009,1327.04,1845.12,661.49
569824,2010,1517.76,2157.47,482.93
569824,2011,1690.42,2456.87,609.06
569824,2012,1861.3,2742.43,341.41
569824,2013,1553.32,2234.06,416.75
569824,2014,1498.62,2145.74,500.93
569824,2015,1504.42,2130.04,644.88
569824,2016,1530.05,2170.67,567.29
569824,2017,1511.36,2147.97,741.86
569824,2018,1441.12,2025.2,624.96
569824,2019,1348.77,1871.91,800.44
569824,2020,1571.37,2257.14,358.94
569825,2006,1544.5,2203.03,552.51
569825,2007,1424.37,1987.83,467.48
569825,2008,1424.61,2013.22,603.39
569825,2009,1325,1841.76,661.87
569825,2010,1520.86,2162.47,473.08
569825,2011,1695.09,2464.63,614.37
569825,2012,1865.12,2748.73,348.37
569825,2013,1558.51,2242.88,418.3
569825,2014,1503.84,2154.47,505.16
569825,2015,1509.47,2138.85,630.83
569825,2016,1533.92,2176.98,586.51
569825,2017,1516.73,2157.33,741.3
569825,2018,1441.78,2027.58,627.1
569825,2019,1353.38,1880.83,792
569825,2020,1574.68,2262.98,374.64
569826,2006,1540.16,2195.52,561.87
569826,2007,1417.57,1975.77,468.09
569826,2008,1416.73,1999.41,612.72
569826,2009,1317.11,1828.24,659.62
569826,2010,1519.56,2159.64,471.24
569826,2011,1695.33,2464.51,622.02
569826,2012,1864.01,2746.2,359.15
569826,2013,1559.89,2244.87,418.44
569826,2014,1505.31,2156.48,505.38
569826,2015,1509.8,2139.28,596.39
569826,2016,1533.37,2175.26,599.03
569826,2017,1518.47,2160.36,722.77
569826,2018,1439.44,2022.12,632.92
569826,2019,1358,1888.03,786.7
569826,2020,1573.58,2261.5,388.21
569827,2006,1533.09,2183.55,565.52
569827,2007,1409.07,1961.03,465.54
569827,2008,1407.74,1983.87,627.46
569827,2009,1308.41,1813.42,656.08
569827,2010,1516.77,2154.37,483.51
569827,2011,1692.54,2459.47,625.33
569827,2012,1859.45,2737.95,366.28
569827,2013,1558.79,2242.9,417.14
569827,2014,1504.09,2154.15,504.64
569827,2015,1508.87,2137.69,570.74
569827,2016,1529.65,2168.33,622.11
569827,2017,1518.68,2160.66,715.48
569827,2018,1432.95,2009.12,657.17
569827,2019,1360.61,1890.41,774.98
569827,2020,1571.34,2257.41,394.12
569828,2006,1529.59,2177.52,566.48
569828,2007,1404.79,1953.18,465.69
569828,2008,1402.35,1974.16,638.56
569828,2009,1305.79,1808.55,648.38
569828,2010,1514.34,2149.54,488.5
569828,2011,1688.92,2452.97,620.17
569828,2012,1854,2728.14,360.92
569828,2013,1557.17,2240.01,411.83
569828,2014,1502.95,2151.92,498.95
569828,2015,1508.96,2137.62,558.22
569828,2016,1525.32,2160.26,645.23
569828,2017,1518.26,2157.76,713.14
569828,2018,1427.19,2000.61,685.48
569828,2019,1357.71,1885.6,760.49
569828,2020,1569.05,2252.77,401.73
569829,2006,1529.76,2177.12,570.42
569829,2007,1405.56,1953.25,475.76
569829,2008,1401.71,1971.83,644.7
569829,2009,1308.24,1811.69,644.54
569829,2010,1510.95,2142.68,475.69
569829,2011,1683.33,2442.74,616.07
569829,2012,1846.27,2713.92,352.77
569829,2013,1554.74,2235.35,405.35
569829,2014,1501.92,2149.44,494.05
569829,2015,1509.9,2138.38,544.01
569829,2016,1518.62,2147.7,655.7
569829,2017,1516.31,2155.91,711.9
569829,2018,1420.01,1987.68,704.26
569829,2019,1348.75,1868.95,772.23
569829,2020,1564.57,2244.6,416.14
569830,2006,1530.46,2177.98,570.59
569830,2007,1405.39,1952.14,481.66
569830,2008,1399.91,1967.94,651.71
569830,2009,1311.13,1815.78,637.7
569830,2010,1504.8,2131.85,452.12
569830,2011,1676.96,2431.62,613.39
569830,2012,1837.62,2698.57,344.27
569830,2013,1551.64,2230,398.71
569830,2014,1499.09,2144.42,486.07
569830,2015,1509.81,2137.84,532.12
569830,2016,1510.48,2133.22,661.12
569830,2017,1512.44,2149.84,714.6
569830,2018,1409.27,1968.6,717.72
569830,2019,1340.24,1854.03,788.5
569830,2020,1558.48,2233.7,430.38
569831,2006,1532.73,2181.9,565.75
569831,2007,1405.49,1952.03,483.2
569831,2008,1398.12,1964.61,657.46
569831,2009,1312.53,1817.85,631.69
569831,2010,1501.11,2125.54,445.04
569831,2011,1672.89,2424.71,611.44
569831,2012,1831.71,2688.18,338.97
569831,2013,1550.23,2227.83,395.32
569831,2014,1498.7,2143.88,477.98
569831,2015,1511.08,2139.99,548.22
569831,2016,1505.4,2124.34,670.52
569831,2017,1510.78,2146.91,719.56
569831,2018,1402.04,1955.93,724.9
569831,2019,1332.75,1841.88,796.91
569831,2020,1554.58,2225.11,441.09
571227,2006,1546.2,2207.81,526.39
571227,2007,1438.57,2016.19,455.48
571227,2008,1450.88,2061.52,569.47
571227,2009,1338.37,1867,668.94
571227,2010,1514.83,2157.1,548.73
571227,2011,1670.22,2426.11,577.53
571227,2012,1852.55,2731.69,319.02
571227,2013,1535.09,2206.38,427.39
571227,2014,1484.27,2125.21,512.68
571227,2015,1484.71,2098.29,576.78
571227,2016,1522.78,2163.13,426.35
571227,2017,1492.18,2120.55,662.9
571227,2018,1450.03,2046.24,630.28
571227,2019,1350.36,1880.78,705.78
571227,2020,1587.22,2288.13,367.08
571228,2006,1548.65,2211.74,522.59
571228,2007,1441.12,2019.9,451.29
571228,2008,1452.6,2063.94,569.91
571228,2009,1339.54,1868.46,667.08
571228,2010,1520.31,2165.73,556.93
571228,2011,1680.32,2442.59,574.65
571228,2012,1859.04,2741.93,318.18
571228,2013,1542.51,2218.22,430.12
571228,2014,1491.14,2136.13,506.77
571228,2015,1491.96,2110.11,581.65
571228,2016,1528.32,2171.74,441.16
571228,2017,1497.89,2128.74,671.93
571228,2018,1454.72,2053.66,629.19
571228,2019,1353.75,1884.9,707.34
571228,2020,1591.45,2293.76,374.91
571229,2006,1548.78,2211.6,519.47
571229,2007,1439.16,2016.01,450.56
571229,2008,1449.81,2058.71,571.61
571229,2009,1338.54,1866.16,662.46
571229,2010,1520.28,2165.05,525.99
571229,2011,1684.77,2449.59,575.37
571229,2012,1860.68,2744,319.32
571229,2013,1545.19,2222.17,429.37
571229,2014,1493.26,2139.12,501.54
571229,2015,1494.42,2113.92,587.18
571229,2016,1529.18,2172.46,451.41
571229,2017,1499.38,2130.43,684.17
571229,2018,1455.78,2054.6,627.42
571229,2019,1353.21,1884.42,714.23
571229,2020,1591.31,2293.14,368.31
571230,2006,1548.68,2211.12,516.26
571230,2007,1437.02,2011.87,451.71
571230,2008,1446.99,2053.44,578.34
571230,2009,1337.74,1864.25,660.27
571230,2010,1520.33,2164.54,495.55
571230,2011,1688.6,2455.62,579.64
571230,2012,1861.65,2745.01,322.09
571230,2013,1547.38,2225.39,425.19
571230,2014,1494.19,2140.18,497.53
571230,2015,1496.78,2117.62,602.59
571230,2016,1529.93,2173,464.14
571230,2017,1501.38,2132.92,682.73
571230,2018,1455.33,2053.3,625.89
571230,2019,1351.76,1881.79,748.13
571230,2020,1589.1,2289.49,353.31
571231,2006,1550.72,2214.55,516.31
571231,2007,1437.46,2012.28,453.58
571231,2008,1446.23,2051.81,584.88
571231,2009,1337.73,1864.16,658.89
571231,2010,1523.13,2168.82,481.76
571231,2011,1693.39,2463.49,586.72
571231,2012,1865.22,2750.76,326.36
571231,2013,1552.14,2233.3,423.03
571231,2014,1498.19,2146.7,495.87
571231,2015,1501.85,2126.2,627.85
571231,2016,1533.36,2178.4,480.42
571231,2017,1506.87,2141.55,696.45
571231,2018,1455.36,2053.34,628.79
571231,2019,1352.66,1881.98,795.13
571231,2020,1586.78,2285.63,353.11
571232,2006,1550.64,2214.46,520.48
571232,2007,1435.76,2009.2,458.13
571232,2008,1443.39,2046.75,589.57
571232,2009,1336.57,1862.21,658.62
571232,2010,1523.88,2169.74,483.74
571232,2011,1695.92,2467.64,593.84
571232,2012,1867.23,2753.95,330.59
571232,2013,1555.29,2238.6,419.05
571232,2014,1500.69,2150.75,498.17
571232,2015,1504.4,2130.69,646.9
571232,2016,1534.8,2180.54,501.87
571232,2017,1509.85,2148.07,711.36
571232,2018,1454.57,2052.13,649.22
571232,2019,1351.83,1879.84,818.8
571232,2020,1580.91,2274.77,355.93
571233,2006,1549.31,2211.94,532.06
571233,2007,1433.61,2005.13,463.69
571233,2008,1439.45,2039.65,595.67
571233,2009,1335.05,1859.59,660.67
571233,2010,1524.63,2170.43,486.69
571233,2011,1698.6,2471.8,604.01
571233,2012,1869.4,2757.2,338.34
571233,2013,1558.45,2243.73,418.44
571233,2014,1502.62,2153.67,501.63
571233,2015,1506.86,2134.81,662.71
571233,2016,1535.75,2181.59,527.42
571233,2017,1512.91,2152.01,738.99
571233,2018,1453.08,2048.43,653.47
571233,2019,1350.48,1876.96,800.2
571233,2020,1576.56,2266.46,352.54
571234,2006,1549.66,2212.5,544.23
571234,2007,1432.3,2002.66,465.76
571234,2008,1435.27,2032.44,599.93
571234,2009,1332.98,1856.15,661.31
571234,2010,1527.77,2175.43,474.41
571234,2011,1702.83,2478.79,609.75
571234,2012,1873.02,2763.15,344.98
571234,2013,1563.18,2251.72,417.66
571234,2014,1507.38,2161.56,504.51
571234,2015,1511.29,2142.54,666.79
571234,2016,1539.23,2187.19,557.79
571234,2017,1518.46,2161.47,747.41
571234,2018,1453.09,2046.74,643.25
571234,2019,1352.01,1878.46,771.91
571234,2020,1574.34,2263.2,349.8
571235,2006,1551.25,2215.22,552.17
571235,2007,1430.77,1999.84,466.36
571235,2008,1431.63,2026.13,603.52
571235,2009,1330.47,1852.01,661.6
571235,2010,1531.39,2181.26,469.27
571235,2011,1707.82,2487.1,616.75
571235,2012,1877.45,2770.49,353.35
571235,2013,1568.61,2260.89,418.62
571235,2014,1512.88,2170.7,506.28
571235,2015,1516.17,2151.04,640.9
571235,2016,1543.58,2194.27,577.86
571235,2017,1524.88,2171.64,748.94
571235,2018,1453.64,2048.43,645.55
571235,2019,1358.86,1890.56,774.33
571235,2020,1579.14,2271.05,366.35
571236,2006,1546.09,2206.35,562.17
571236,2007,1423.01,1986.21,465.78
571236,2008,1422.67,2010.57,612.99
571236,2009,1321.64,1836.97,659.81
571236,2010,1530.54,2179.15,471.98
571236,2011,1708.41,2487.58,627.3
571236,2012,1876.68,2768.55,367.4
571236,2013,1570.37,2263.53,418.87
571236,2014,1514.67,2173.23,506.13
571236,2015,1517.08,2152.47,596.75
571236,2016,1543.6,2193.51,584.29
571236,2017,1527.74,2175.77,732.26
571236,2018,1451.5,2043.62,657.66
571236,2019,1368.55,1906.63,779.41
571236,2020,1580.98,2274.46,389.1
571237,2006,1535.27,2187.86,567.71
571237,2007,1410.48,1964.46,459.59
571237,2008,1409.43,1987.69,623.82
571237,2009,1308.63,1814.77,653.6
571237,2010,1525.17,2169.26,482.07
571237,2011,1703.57,2478.87,629.39
571237,2012,1869.92,2756.35,376.73
571237,2013,1567.31,2258,417.16
571237,2014,1511.26,2166.97,501.75
571237,2015,1513.87,2146.77,567.56
571237,2016,1537.47,2182.27,595.04
571237,2017,1524.85,2171.67,722.42
571237,2018,1443.18,2027.96,684.03
571237,2019,1372.7,1911.53,766.64
571237,2020,1576.77,2267.23,401.65
571238,2006,1530.7,2179.84,566.93
571238,2007,1404.51,1953.48,461.43
571238,2008,1402.47,1975.14,636.86
571238,2009,1303.74,1805.91,649.9
571238,2010,1520.91,2161.1,479.62
571238,2011,1698.34,2469.44,623.52
571238,2012,1862.58,2743.13,369.11
571238,2013,1564.12,2252.23,413.09
571238,2014,1508.18,2161.22,498.02
571238,2015,1512.24,2143.55,556.9
571238,2016,1531.53,2171.23,618.64
571238,2017,1522.8,2166.06,725.03
571238,2018,1435.7,2014.78,711.73
571238,2019,1367.91,1903.58,749.02
571238,2020,1573.92,2260.95,412.69
571239,2006,1531.5,2180.37,570.25
571239,2007,1405.43,1953.63,471.68
571239,2008,1402.27,1973.44,642.7
571239,2009,1307.69,1811.4,645.73
571239,2010,1516.3,2152.09,460.81
571239,2011,1691.39,2456.86,612.29
571239,2012,1852.89,2725.51,356.97
571239,2013,1560.35,2245.21,407.1
571239,2014,1505.65,2156.12,494.72
571239,2015,1512.05,2142.27,542.09
571239,2016,1523.15,2155.75,638.67
571239,2017,1519.03,2160.95,723.77
571239,2018,1425.93,1997.36,726.54
571239,2019,1356.27,1881.17,752.22
571239,2020,1567.62,2250.35,426.25
571240,2006,1533.12,2182.43,573.05
571240,2007,1406.28,1953.85,481.88
571240,2008,1401.68,1971.25,651.13
571240,2009,1311.7,1817.03,639.69
571240,2010,1510.42,2141.36,442.64
571240,2011,1684.31,2444.29,607.56
571240,2012,1842.98,2707.75,347.35
571240,2013,1556.64,2238.56,402
571240,2014,1502.77,2150.7,488.37
571240,2015,1511.96,2141.42,527.55
571240,2016,1514.55,2140.18,656.2
571240,2017,1515.85,2155.03,722.06
571240,2018,1415.41,1978.46,734.74
571240,2019,1344.81,1860.77,761.59
571240,2020,1561.2,2238.15,434.66
571241,2006,1535.01,2185.56,573.36
571241,2007,1406.21,1953.26,488.97
571241,2008,1399.85,1967.67,660.8
571241,2009,1313.66,1819.86,635.85
571241,2010,1505.52,2132.86,442.08
571241,2011,1679.38,2435.81,609.16
571241,2012,1835.62,2694.76,343.04
571241,2013,1554.3,2234.65,400.08
571241,2014,1501.6,2148.67,483.3
571241,2015,1512.39,2141.95,538.35
571241,2016,1508.45,2129.36,669.6
571241,2017,1513.42,2150.65,712.37
571241,2018,1406.9,1963.97,739.74
571241,2019,1336.15,1847.04,770.04
571241,2020,1555.8,2227.86,439.07
572637,2006,1553.56,2220.56,523.08
572637,2007,1447.24,2031.3,451.99
572637,2008,1459.81,2076.9,564.71
572637,2009,1345.59,1879.55,665.47
572637,2010,1523.79,2172.59,548.48
572637,2011,1683.55,2448.83,569.36
572637,2012,1862.97,2749.44,317.09
572637,2013,1546.08,2225.3,434.41
572637,2014,1494.84,2143.53,514.58
572637,2015,1493.79,2113.77,584.61
572637,2016,1533.21,2180.83,434.98
572637,2017,1499.66,2134.35,656.82
572637,2018,1462.76,2068.31,655.01
572637,2019,1360.89,1898.3,687.98
572637,2020,1598.02,2306.15,386.14
572638,2006,1557.27,2226.55,519.76
572638,2007,1450.25,2035.77,444.71
572638,2008,1462.06,2080.16,562.42
572638,2009,1347.13,1881.59,660.98
572638,2010,1530.14,2182.66,556.18
572638,2011,1694.54,2466.8,564.53
572638,2012,1870.55,2761.49,313.35
572638,2013,1554.14,2238.21,436.84
572638,2014,1502.05,2155.01,508.45
572638,2015,1501.32,2126.04,582.81
572638,2016,1538.87,2189.64,440.76
572638,2017,1505.88,2142.66,661.65
572638,2018,1467.51,2076.17,654.48
572638,2019,1363.24,1900.68,686.55
572638,2020,1602,2311.59,394.05
572639,2006,1556.87,2225.59,516.7
572639,2007,1448.12,2031.66,442.16
572639,2008,1459.23,2074.92,563.84
572639,2009,1345.13,1877.72,656.05
572639,2010,1530.32,2182.45,513.55
572639,2011,1698.84,2473.6,564.67
572639,2012,1872.28,2763.75,312.51
572639,2013,1556.51,2241.71,435.83
572639,2014,1503.39,2156.75,503.89
572639,2015,1502.99,2128.58,575.96
572639,2016,1539.24,2189.61,453.69
572639,2017,1507.42,2144.31,673.86
572639,2018,1468.33,2076.02,663.47
572639,2019,1361.96,1899.48,696.79
572639,2020,1600.89,2309.26,382.04
572640,2006,1557.49,2226.39,516.34
572640,2007,1446.47,2028.45,444.64
572640,2008,1457.03,2070.81,571.85
572640,2009,1344.48,1876.16,654.42
572640,2010,1531.51,2183.97,473.18
572640,2011,1703.33,2480.83,569.68
572640,2012,1874.14,2766.36,315.51
572640,2013,1559.3,2246.03,430.73
572640,2014,1505.43,2159.73,499.88
572640,2015,1505.91,2133.33,593.69
572640,2016,1540.25,2190.74,464.39
572640,2017,1509.93,2147.28,690.06
572640,2018,1469.84,2077.86,669.38
572640,2019,1360.43,1897.1,736.66
572640,2020,1598.53,2305.57,359.7
572641,2006,1560.2,2231.05,519.5
572641,2007,1447.51,2030.07,448.23
572641,2008,1456.98,2070.55,580.21
572641,2009,1345.49,1877.92,655.85
572641,2010,1534.82,2189.25,458.68
572641,2011,1708.56,2489.62,578.7
572641,2012,1878.51,2773.64,322.08
572641,2013,1564.41,2254.67,425.78
572641,2014,1509.56,2166.57,498.11
572641,2015,1510.93,2141.97,630.01
572641,2016,1543.68,2196.33,473.6
572641,2017,1515.58,2156.63,722.67
572641,2018,1469.85,2078.54,664.87
572641,2019,1361.68,1897.86,783.87
572641,2020,1596.39,2301.92,356.31
572642,2006,1561.62,2233.78,525.09
572642,2007,1447.3,2029.92,455.21
572642,2008,1455.48,2068.15,589.45
572642,2009,1345.69,1878.56,658.9
572642,2010,1537.13,2193.17,460.9
572642,2011,1712.49,2496.5,587.86
572642,2012,1882.31,2780.25,329.58
572642,2013,1568.87,2262.53,421.9
572642,2014,1513.18,2172.86,503.37
572642,2015,1514.8,2149.05,654.32
572642,2016,1546.89,2201.86,490.54
572642,2017,1519.96,2165.94,740.41
572642,2018,1469.76,2078.23,681.72
572642,2019,1361.58,1898.1,794.35
572642,2020,1591.6,2293.41,357.65
572643,2006,1561.55,2233.82,536.13
572643,2007,1445.75,2027.25,463.52
572643,2008,1451.91,2062.07,596.41
572643,2009,1345.18,1877.94,660.89
572643,2010,1539.51,2197.03,469.8
572643,2011,1716.15,2502.72,601.02
572643,2012,1885.81,2786.18,339.77
572643,2013,1573.01,2269.69,420.37
572643,2014,1516.16,2177.93,508.64
572643,2015,1518.54,2155.75,669.56
572643,2016,1549.7,2206.53,511.62
572643,2017,1524.3,2172.75,747.6
572643,2018,1469.26,2077.44,680.29
572643,2019,1359.53,1893.76,761.78
572643,2020,1586.12,2283.38,352.11
572644,2006,1560.35,2231.67,545.69
572644,2007,1443.53,2023.17,465.96
572644,2008,1446.81,2053.28,600.69
572644,2009,1342.28,1873.11,661.3
572644,2010,1541.6,2200.17,466.32
572644,2011,1719.39,2508.03,609.69
572644,2012,1888.76,2790.96,348.23
572644,2013,1576.67,2275.81,418.81
572644,2014,1519.43,2183.26,509.64
572644,2015,1521.51,2160.98,666.26
572644,2016,1552.24,2210.52,537.74
572644,2017,1528.53,2179.95,755.35
572644,2018,1468.67,2074.64,671.46
572644,2019,1358.93,1892.2,735.46
572644,2020,1582.46,2278.43,348.17
572645,2006,1560.72,2232.19,551.98
572645,2007,1440.64,2017.96,465.72
572645,2008,1442.03,2044.96,603.47
572645,2009,1338.7,1867.1,660.75
572645,2010,1544.47,2204.57,464.07
572645,2011,1723.77,2515.2,617.8
572645,2012,1892.91,2797.75,357.1
572645,2013,1581.34,2283.58,419.4
572645,2014,1523.91,2190.55,507.7
572645,2015,1524.89,2166.84,629.81
572645,2016,1555.75,2216.07,555.34
572645,2017,1534.52,2188.92,760.57
572645,2018,1468.28,2073.73,677.78
572645,2019,1366.79,1904.88,750.18
572645,2020,1587.11,2285.58,364.35
572646,2006,1554.78,2221.91,561.25
572646,2007,1431.48,2001.92,464.54
572646,2008,1431.6,2026.88,613
572646,2009,1329.23,1850.96,659.42
572646,2010,1543.07,2201.43,468.47
572646,2011,1723.68,2514.53,629.91
572646,2012,1891.47,2794.65,371.78
572646,2013,1582.51,2285.13,419.63
572646,2014,1525.09,2191.94,505.81
572646,2015,1525.5,2167.66,583.54
572646,2016,1555.28,2214.42,557.4
572646,2017,1537.17,2192.06,745.83
572646,2018,1465.43,2068.26,692.02
572646,2019,1379.89,1926.23,763.39
572646,2020,1590.59,2291.03,392.94
572647,2006,1542.04,2199.99,567.54
572647,2007,1416.45,1975.74,457.14
572647,2008,1415.64,1999.24,621.31
572647,2009,1313.8,1824.51,652.36
572647,2010,1535.74,2188.01,475.94
572647,2011,1717.52,2503.39,631.56
572647,2012,1883.21,2779.72,381.37
572647,2013,1578.21,2277.28,418.15
572647,2014,1520.17,2182.9,498.2
572647,2015,1520.46,2158.67,556.63
572647,2016,1547.76,2200.59,558.81
572647,2017,1532.08,2184.42,738
572647,2018,1455.81,2051.02,713.59
572647,2019,1385.46,1933.93,750.16
572647,2020,1585.9,2283.18,409.79
572648,2006,1536.8,2190.63,566.48
572648,2007,1409.5,1962.87,460.36
572648,2008,1407.73,1984.92,634.73
572648,2009,1307.92,1813.85,650.72
572648,2010,1530.39,2177.82,467.11
572648,2011,1710.94,2491.52,624.02
572648,2012,1874.16,2763.43,372.35
572648,2013,1573.84,2269.33,414.48
572648,2014,1515.58,2174.43,496.33
572648,2015,1517.76,2153.44,552.98
572648,2016,1540.41,2186.99,582.64
572648,2017,1528.99,2177.65,743.17
572648,2018,1446.19,2032.56,730.12
572648,2019,1378.22,1921.85,732.97
572648,2020,1582.04,2275.25,424.8
572649,2006,1537.82,2191.46,571.31
572649,2007,1409.74,1961.72,471.06
572649,2008,1407.29,1982.73,642.08
572649,2009,1312.63,1820.49,647.31
572649,2010,1524.29,2166.25,450.35
572649,2011,1702.57,2476.5,609.16
572649,2012,1862.34,2742.13,358.94
572649,2013,1568.77,2260.06,409.95
572649,2014,1511.22,2166.18,496.27
572649,2015,1516.26,2149.87,546.47
572649,2016,1530.21,2168.4,614.81
572649,2017,1523.21,2168.64,738.44
572649,2018,1433.34,2010.31,742.78
572649,2019,1363.82,1894.33,731.88
572649,2020,1573.75,2260.72,438.98
572650,2006,1539.16,2192.84,576.63
572650,2007,1410.23,1961.09,484.65
572650,2008,1406.65,1980.25,652.5
572650,2009,1316.36,1825.42,643.49
572650,2010,1517.64,2153.97,439.54
572650,2011,1694.21,2461.62,603.05
572650,2012,1850.42,2720.77,350.28
572650,2013,1563.87,2251.2,406.25
572650,2014,1507,2158.3,492.32
572650,2015,1515.32,2147.37,531.3
572650,2016,1520.2,2150.26,642.62
572650,2017,1519.4,2160.98,729.04
572650,2018,1422.18,1989.62,753.31
572650,2019,1349.52,1868.82,734.51
572650,2020,1565.68,2245.73,442.27
572651,2006,1540.02,2194.16,580.03
572651,2007,1409.76,1959.66,495.26
572651,2008,1404.49,1975.98,664.47
572651,2009,1318.48,1828.36,641.04
572651,2010,1511.8,2143.73,441.96
572651,2011,1688.03,2450.95,605.1
572651,2012,1841.01,2704.18,347.08
572651,2013,1560.41,2245.3,404.85
572651,2014,1504.46,2153.82,489.83
572651,2015,1514.95,2146.42,530.3
572651,2016,1512.61,2136.77,660.88
572651,2017,1516.5,2155.61,703.29
572651,2018,1412.82,1973.77,756.69
572651,2019,1339.98,1853.25,738.26
572651,2020,1559.24,2234.46,440
574047,2006,1560.44,2232.14,521.74
574047,2007,1455.45,2045.25,448.66
574047,2008,1467.74,2090.26,559.4
574047,2009,1351.34,1889.22,663.29
574047,2010,1532.25,2186.79,557.63
574047,2011,1696.49,2470.53,564.43
574047,2012,1872.57,2765.43,314.2
574047,2013,1556.94,2243.59,448.02
574047,2014,1504.49,2159.9,517.62
574047,2015,1502.4,2128.11,600.35
574047,2016,1542.9,2196.93,436.8
574047,2017,1506.68,2145.34,658.52
574047,2018,1473.33,2085.16,686.14
574047,2019,1369.94,1912.93,680.27
574047,2020,1607.33,2321.34,420.44
574048,2006,1563.75,2237.54,513.26
574048,2007,1457.73,2048.63,438.14
574048,2008,1469.25,2092.37,552.42
574048,2009,1352.46,1890.7,652.99
574048,2010,1537.62,2195.42,549.74
574048,2011,1706.32,2486.65,556.4
574048,2012,1879.17,2775.92,308.24
574048,2013,1563.74,2254.53,449.12
574048,2014,1510.81,2170,509.53
574048,2015,1508.35,2137.86,587.16
574048,2016,1547.17,2203.54,441.91
574048,2017,1511.59,2153.03,654.04
574048,2018,1477.59,2091.89,691.11
574048,2019,1371.59,1913.91,676.51
574048,2020,1610.73,2326.26,422.55
574049,2006,1561.96,2234.19,506.84
574049,2007,1455.22,2043.84,431.63
574049,2008,1465.98,2086.31,553.91
574049,2009,1349.42,1885.1,646.69
574049,2010,1537.99,2195.48,496.94
574049,2011,1710.19,2492.71,555.88
574049,2012,1880.73,2777.89,306.67
574049,2013,1565.47,2256.94,446.34
574049,2014,1511.55,2170.72,503.52
574049,2015,1509.49,2139.46,572.5
574049,2016,1546.7,2202.06,453.06
574049,2017,1512.2,2153.41,666.7
574049,2018,1477.11,2090.05,705.46
574049,2019,1368.76,1910.02,695.75
574049,2020,1608.29,2321.12,403.12
574050,2006,1563.54,2236.79,510.79
574050,2007,1454.4,2042.21,435.88
574050,2008,1464.61,2083.8,561.48
574050,2009,1349.35,1884.79,645.56
574050,2010,1540.44,2199.37,460.84
574050,2011,1715.37,2501.3,562.98
574050,2012,1883.51,2782.25,310.81
574050,2013,1568.92,2262.6,437.75
574050,2014,1514.26,2175.02,501.18
574050,2015,1512.88,2145.24,586.75
574050,2016,1548.18,2204.25,459.99
574050,2017,1515.88,2158.15,707.81
574050,2018,1479.61,2093.92,709.35
574050,2019,1368.23,1909.37,729.05
574050,2020,1606.13,2318.82,374.09
574051,2006,1567.4,2243.38,517.82
574051,2007,1455.72,2044.38,442.4
574051,2008,1465.37,2085.01,571.58
574051,2009,1352.1,1889.46,649.54
574051,2010,1544.43,2205.89,447.01
574051,2011,1721.22,2511.25,571.98
574051,2012,1888.79,2791.17,317.46
574051,2013,1574.54,2272.18,428.47
574051,2014,1518.9,2182.75,500.8
574051,2015,1518.47,2154.88,615.23
574051,2016,1552.13,2210.82,466.69
574051,2017,1521.8,2167.52,733.79
574051,2018,1481.79,2099.12,697.79
574051,2019,1370.13,1911.42,756.99
574051,2020,1605.85,2318.75,364.74
574052,2006,1569.53,2247.39,525.76
574052,2007,1455.36,2044.03,451.36
574052,2008,1463.9,2082.71,587.49
574052,2009,1352.98,1891.24,657.59
574052,2010,1546.88,2210.14,449.42
574052,2011,1725.47,2518.77,582.83
574052,2012,1893.21,2798.95,327.26
574052,2013,1579.16,2280.39,424.91
574052,2014,1522.76,2189.54,507.13
574052,2015,1522.45,2162.23,634.78
574052,2016,1555.7,2217.11,483.66
574052,2017,1526.2,2177.32,757.02
574052,2018,1481.37,2096.92,711.48
574052,2019,1369.1,1911.32,754.79
574052,2020,1600.26,2309.88,367.25
574053,2006,1571.68,2251.59,538.14
574053,2007,1456.18,2045.8,462.74
574053,2008,1462.36,2080.5,596.28
574053,2009,1354.05,1893.6,660.2
574053,2010,1551.63,2218.39,455.5
574053,2011,1730.43,2527.63,596.34
574053,2012,1898.18,2807.8,340.01
574053,2013,1584.67,2290.25,419.77
574053,2014,1527.53,2198,512.22
574053,2015,1528.07,2172.57,643.54
574053,2016,1561.05,2226.55,497
574053,2017,1533.38,2188.7,766
574053,2018,1481.81,2098.13,706.98
574053,2019,1368.98,1910.93,720.97
574053,2020,1596.03,2301.36,364.42
574054,2006,1571.4,2251.12,547.85
574054,2007,1455.27,2044.11,466.58
574054,2008,1458.67,2074.23,601.52
574054,2009,1352.68,1891.47,661.29
574054,2010,1554.13,2222.36,456.77
574054,2011,1734.34,2534.22,607.57
574054,2012,1902,2814.24,349.59
574054,2013,1588.92,2297.51,420.08
574054,2014,1530.58,2203.12,514.69
574054,2015,1531.28,2178.34,632.75
574054,2016,1564.2,2231.74,515.65
574054,2017,1537.74,2196.18,773.34
574054,2018,1481.39,2097,706.67
574054,2019,1369.85,1912.8,713.91
574054,2020,1594.28,2299.31,364.34
574055,2006,1570.62,2249.56,552.97
574055,2007,1451.36,2037.11,465.76
574055,2008,1453.14,2064.6,603.51
574055,2009,1348.08,1883.72,658.91
574055,2010,1555.27,2223.74,454.65
574055,2011,1737.38,2539.09,615.01
574055,2012,1904.95,2818.94,356.8
574055,2013,1592.11,2302.69,420.75
574055,2014,1533,2206.87,510.33
574055,2015,1532.58,2180.59,593.91
574055,2016,1565.77,2233.97,525.93
574055,2017,1541.44,2201.81,771.36
574055,2018,1479.69,2093.56,717.11
574055,2019,1375.98,1922.26,734.7
574055,2020,1596.93,2303.24,378.58
574056,2006,1564.32,2238.49,560.7
574056,2007,1441.19,2019.2,466.77
574056,2008,1441.69,2044.68,613.02
574056,2009,1338.91,1867.92,658.3
574056,2010,1552.39,2217.94,458.51
574056,2011,1735.67,2535.6,625.62
574056,2012,1901.9,2813.01,368.19
574056,2013,1591.67,2301.42,421.79
574056,2014,1532.47,2205.26,506.03
574056,2015,1531.64,2178.65,559.11
574056,2016,1563.77,2229.6,528.45
574056,2017,1541.81,2201.66,751.65
574056,2018,1475.79,2085.92,722.61
574056,2019,1387.02,1938.04,747.16
574056,2020,1597.85,2303.92,402.58
574057,2006,1553.67,2219.95,566.02
574057,2007,1427.73,1995.48,463.32
574057,2008,1427.35,2019.62,623.46
574057,2009,1325.84,1845.29,655.52
574057,2010,1545.5,2205.17,466.85
574057,2011,1729.8,2524.87,628.59
574057,2012,1893.72,2798.15,374.66
574057,2013,1587.8,2294.2,421.38
574057,2014,1527.9,2196.68,499.6
574057,2015,1526.6,2169.57,542.2
574057,2016,1557.21,2217.25,532.95
574057,2017,1537.61,2194.14,752.45
574057,2018,1465.99,2068.51,731.77
574057,2019,1391.78,1945.65,735.64
574057,2020,1594.98,2298.48,416.82
574058,2006,1548.59,2210.71,567.25
574058,2007,1421.11,1983.09,466.59
574058,2008,1419.56,2005.39,633.57
574058,2009,1321.7,1837.42,650.77
574058,2010,1540.21,2194.98,456.9
574058,2011,1722.9,2512.36,617.78
574058,2012,1883.94,2780.5,366.62
574058,2013,1583.26,2285.82,417.74
574058,2014,1523.05,2187.66,497.53
574058,2015,1523.89,2164.19,548.93
574058,2016,1549.13,2202.39,556.12
574058,2017,1534.36,2187.19,759.51
574058,2018,1455.61,2048.74,731.48
574058,2019,1382.86,1930.13,722.14
574058,2020,1589.94,2289.81,433.08
574059,2006,1548.19,2209.12,575
574059,2007,1419.35,1978.53,477.49
574059,2008,1417.3,2000.1,643.73
574059,2009,1324.91,1841.52,649.04
574059,2010,1533.16,2181.74,448.85
574059,2011,1713.62,2495.77,606.59
574059,2012,1870.66,2756.66,357.13
574059,2013,1577.41,2275.16,414.85
574059,2014,1517.19,2176.81,500.14
574059,2015,1521.38,2158.85,557.22
574059,2016,1537.65,2181.58,592.27
574059,2017,1527.45,2175.95,753.68
574059,2018,1441.55,2025.1,749.16
574059,2019,1366.98,1900.89,723.55
574059,2020,1581.1,2272.32,448.75
574060,2006,1546.37,2205.25,580.97
574060,2007,1416.4,1972.1,491.04
574060,2008,1413.39,1992.14,656.36
574060,2009,1325.26,1840.79,647.47
574060,2010,1523.07,2163.69,442.12
574060,2011,1702.42,2476.11,601.62
574060,2012,1855.15,2729.17,351.32
574060,2013,1569.8,2261.72,410.69
574060,2014,1509.44,2162.92,498.48
574060,2015,1517.54,2151.46,543.03
574060,2016,1524.31,2157.82,619.34
574060,2017,1520.03,2162.74,737.3
574060,2018,1426.94,1997.71,769.64
574060,2019,1350.75,1872.5,719.76
574060,2020,1569.16,2251.98,452.11
574061,2006,1545.23,2203.18,584.43
574061,2007,1414.72,1968.53,500.86
574061,2008,1410.13,1985.95,666.32
574061,2009,1325.83,1841.06,644.93
574061,2010,1516.68,2152.39,444.22
574061,2011,1694.91,2463.15,600.03
574061,2012,1843.71,2709.02,349.73
574061,2013,1565.17,2253.74,408.8
574061,2014,1504.91,2155.05,497.01
574061,2015,1516.06,2148.55,528.95
574061,2016,1515.06,2141.49,641.04
574061,2017,1516.49,2156.24,701.45
574061,2018,1417.68,1981.44,772.29
574061,2019,1340.86,1855.22,714.19
574061,2020,1562.7,2240.54,448.85
575457,2006,1558.42,2226.22,518.21
575457,2007,1455.92,2042.94,443.85
575457,2008,1467.09,2086.39,551.67
575457,2009,1348.48,1881.99,659.71
575457,2010,1531.81,2183.3,564.23
575457,2011,1698.77,2471.84,559.73
575457,2012,1869.01,2756.93,310.57
575457,2013,1559.16,2244.94,458.15
575457,2014,1504.61,2157.7,520.85
575457,2015,1502.76,2126.04,628.7
575457,2016,1543.83,2195.64,434.4
575457,2017,1505.15,2139.85,683.46
575457,2018,1474.61,2084.85,706.56
575457,2019,1370.05,1909.9,665.18
575457,2020,1607.49,2318.23,430.89
575458,2006,1559.3,2227.78,508
575458,2007,1456.68,2044.21,431.02
575458,2008,1467.36,2086.77,546.18
575458,2009,1349.02,1882.91,650.15
575458,2010,1534.82,2188.31,549.76
575458,2011,1705.44,2483.01,552.97
575458,2012,1872.73,2762.93,304.58
575458,2013,1563.36,2251.9,463.16
575458,2014,1507.8,2162.93,511.44
575458,2015,1506.43,2132.37,603.71
575458,2016,1545.91,2198.95,437.64
575458,2017,1508.15,2144.66,660.92
575458,2018,1477.48,2088.45,730.73
575458,2019,1370.31,1910.49,670.08
575458,2020,1609.63,2322.44,430.64
575459,2006,1558.01,2225.53,498.12
575459,2007,1454.4,2040.16,423.33
575459,2008,1464.54,2081.74,546.26
575459,2009,1346.56,1878.61,641.69
575459,2010,1534.84,2188.11,501.78
575459,2011,1708.48,2487.96,551.85
575459,2012,1873.56,2763.93,302.75
575459,2013,1564.52,2253.64,461.07
575459,2014,1508.36,2163.63,502.9
575459,2015,1507.31,2133.82,585.65
575459,2016,1545.01,2197.06,439.48
575459,2017,1508.97,2145.23,674.66
575459,2018,1477.71,2089.96,745.91
575459,2019,1367.08,1906.12,689.67
575459,2020,1607.03,2317.65,409.82
575460,2006,1556.78,2223.41,503.04
575460,2007,1451.09,2034.41,428.37
575460,2008,1460.55,2074.83,552.7
575460,2009,1344.47,1874.92,637.75
575460,2010,1534.71,2187.67,468.46
575460,2011,1710.84,2491.82,557.99
575460,2012,1873.67,2763.79,307.83
575460,2013,1565.13,2254.53,449.84
575460,2014,1508.57,2163.78,502.32
575460,2015,1507.48,2134.18,588.09
575460,2016,1543.19,2193.73,446.26
575460,2017,1508.78,2144.79,725.8
575460,2018,1476.06,2087.31,749.52
575460,2019,1365.88,1903.19,716.33
575460,2020,1601.88,2310.62,388.24
575461,2006,1560.21,2229.49,512.89
575461,2007,1450.68,2033.86,439.66
575461,2008,1459.05,2072.43,564.96
575461,2009,1346.38,1878.31,644.11
575461,2010,1538.08,2193.4,442.78
575461,2011,1715.34,2499.67,565.76
575461,2012,1877.2,2769.88,313.61
575461,2013,1569.2,2261.7,436.65
575461,2014,1512.99,2171.32,503.67
575461,2015,1511.98,2142.23,590.99
575461,2016,1546.07,2198.73,458.58
575461,2017,1514.3,2154.27,761.08
575461,2018,1476.3,2087.99,741.9
575461,2019,1365.18,1901.97,727.73
575461,2020,1597.92,2305.51,379.16
575462,2006,1562.86,2234.17,525.12
575462,2007,1450.07,2032.83,451.24
575462,2008,1457.92,2070.55,582.07
575462,2009,1348.87,1882.51,653.49
575462,2010,1540.38,2197.23,441.82
575462,2011,1719.54,2506.95,577.46
575462,2012,1881.04,2776.46,323.61
575462,2013,1573.25,2268.74,427.54
575462,2014,1516.79,2177.77,507.22
575462,2015,1516.11,2149.57,589.83
575462,2016,1548.85,2203.43,481.77
575462,2017,1518.9,2162.41,783.61
575462,2018,1477.62,2088.06,747.61
575462,2019,1363.8,1898.92,717.82
575462,2020,1594.45,2297.65,385.76
575463,2006,1563.99,2236.52,538.75
575463,2007,1449.52,2032.15,463.32
575463,2008,1455.53,2066.82,594.6
575463,2009,1348.68,1882.54,659.48
575463,2010,1543.16,2202.02,445.96
575463,2011,1723.29,2513.62,590.85
575463,2012,1884.32,2782.26,338.91
575463,2013,1577.05,2275.58,423.69
575463,2014,1520.28,2183.93,516.09
575463,2015,1519.81,2156.48,592.2
575463,2016,1551.89,2208.81,497.88
575463,2017,1523.54,2170.99,801.92
575463,2018,1474.86,2083.37,736.91
575463,2019,1363.86,1900.7,707.84
575463,2020,1590.62,2289.86,395.83
575464,2006,1564.97,2238.35,548.41
575464,2007,1448.79,2030.96,467.49
575464,2008,1452.73,2062.21,597.95
575464,2009,1348.19,1882.02,656.94
575464,2010,1545.79,2206.38,444.3
575464,2011,1727.25,2520.5,601.08
575464,2012,1887.82,2788.27,348.68
575464,2013,1580.96,2282.39,419.74
575464,2014,1523.85,2190.04,517.37
575464,2015,1523.27,2162.79,581.2
575464,2016,1554.45,2213.14,502.36
575464,2017,1527.94,2178.05,794.13
575464,2018,1473.95,2082.54,738.15
575464,2019,1367.94,1906.48,719.27
575464,2020,1590.31,2290.26,399.81
575465,2006,1566.05,2240.13,553.31
575465,2007,1446.28,2026.57,469.72
575465,2008,1449.19,2056.14,601.4
575465,2009,1345.95,1878.36,654.58
575465,2010,1548.18,2210.06,442.97
575465,2011,1730.94,2526.65,608.01
575465,2012,1891.05,2793.58,353.62
575465,2013,1584.55,2288.43,419.9
575465,2014,1526.72,2194.73,513.47
575465,2015,1526.12,2167.76,553.63
575465,2016,1556.64,2216.56,503.61
575465,2017,1531.87,2184.47,772.96
575465,2018,1473.05,2082.14,741.86
575465,2019,1370.88,1911.81,733.85
575465,2020,1591.07,2291.17,407.09
575466,2006,1563.82,2236.33,562.09
575466,2007,1441.63,2018.44,473.96
575466,2008,1443.37,2046.12,613.84
575466,2009,1342.17,1871.87,656.58
575466,2010,1548.76,2210.56,448.7
575466,2011,1732.03,2528.33,613.81
575466,2012,1890.63,2792.53,358.22
575466,2013,1586.81,2292.12,423.49
575466,2014,1528.29,2197.08,509.02
575466,2015,1528.14,2171.25,537.84
575466,2016,1557.7,2217.81,510.2
575466,2017,1534.64,2188.65,742.38
575466,2018,1470.23,2076.03,731.84
575466,2019,1377.78,1921.41,747.23
575466,2020,1593.1,2294.59,418.25
575467,2006,1559.26,2228.27,567.53
575467,2007,1434.68,2005.89,473.56
575467,2008,1435.8,2032.68,623.69
575467,2009,1336.84,1862.48,655.1
575467,2010,1545.91,2204.9,459.32
575467,2011,1728.99,2522.67,618.07
575467,2012,1885.17,2782.49,363.17
575467,2013,1585.77,2289.92,423.25
575467,2014,1526.94,2194.15,507.67
575467,2015,1526.57,2168.25,533.59
575467,2016,1554.37,2211.23,522.82
575467,2017,1534.66,2187.3,739.67
575467,2018,1463.58,2063.87,729.16
575467,2019,1378.28,1923.19,737.72
575467,2020,1590.28,2289.38,428.18
575468,2006,1554.96,2220.3,572.51
575468,2007,1428.29,1993.94,480.35
575468,2008,1428,2018.51,635.76
575468,2009,1332.75,1854.71,653.73
575468,2010,1540.61,2194.74,457.59
575468,2011,1722.58,2511.05,611.1
575468,2012,1875.99,2765.89,360.48
575468,2013,1581.4,2281.87,422.77
575468,2014,1522.03,2185.06,506.45
575468,2015,1522.86,2161.29,552.93
575468,2016,1545.7,2195.45,549.97
575468,2017,1530.53,2179.92,764.37
575468,2018,1455.44,2049.16,733.93
575468,2019,1371.69,1909.58,727.28
575468,2020,1584.33,2278.79,442.42
575469,2006,1550.32,2211.59,581.44
575469,2007,1422.98,1983.4,487.92
575469,2008,1421.16,2005.53,647.43
575469,2009,1331.88,1851.93,651.91
575469,2010,1531.8,2178.51,449.94
575469,2011,1712.27,2492.66,603.26
575469,2012,1861.76,2740.42,355.03
575469,2013,1574.19,2268.85,420.81
575469,2014,1514.61,2171.53,508.19
575469,2015,1518.21,2152.31,567.73
575469,2016,1533.17,2172.78,572.54
575469,2017,1522.41,2167,770.98
575469,2018,1441.71,2023.82,758.97
575469,2019,1358.31,1884.5,728.23
575469,2020,1574.04,2259.56,457.02
575470,2006,1544.03,2200.11,583.72
575470,2007,1415.66,1969.57,496.33
575470,2008,1412.69,1989.86,656.73
575470,2009,1328.52,1844.92,647.26
575470,2010,1518.97,2155.67,438.7
575470,2011,1699.25,2469.79,597.53
575470,2012,1844.6,2710.01,350.55
575470,2013,1564.5,2251.72,417.41
575470,2014,1505.05,2154.43,508.44
575470,2015,1511.26,2139.51,552.18
575470,2016,1518.07,2145.88,586.74
575470,2017,1513.25,2150.84,751.1
575470,2018,1425.01,1994.6,778.94
575470,2019,1341.77,1856.69,708.05
575470,2020,1560.57,2235.87,465.17
576867,2006,1552.75,2214.47,523.03
576867,2007,1452.12,2033.96,444.63
576867,2008,1463.4,2077.77,549.41
576867,2009,1343.96,1872.44,662.54
576867,2010,1527.2,2173.18,569.88
576867,2011,1696.56,2465.99,556.84
576867,2012,1860.21,2739.89,310.56
576867,2013,1557.41,2240.01,466.05
576867,2014,1499.28,2146.81,524.53
576867,2015,1499.18,2117.84,661.31
576867,2016,1540.14,2187.06,428.55
576867,2017,1499.34,2126.52,713.62
576867,2018,1473.13,2081.85,686.63
576867,2019,1368.36,1905.06,648
576867,2020,1604.95,2312.93,408.28
576868,2006,1550.76,2211.23,515.83
576868,2007,1449.74,2030.05,435.5
576868,2008,1460.08,2072.25,546.98
576868,2009,1340.91,1867.44,657.53
576868,2010,1526.15,2171.47,551.42
576868,2011,1698.86,2469.88,552.19
576868,2012,1859.97,2739.28,308.26
576868,2013,1557.64,2240.4,472.08
576868,2014,1498.62,2145.68,517.54
576868,2015,1499.57,2118.74,624.95
576868,2016,1538.26,2183.8,429.42
576868,2017,1498.32,2125.72,700.46
576868,2018,1472.04,2079.05,719.27
576868,2019,1365.98,1901.59,665.1
576868,2020,1602.6,2307.2,406.75
576869,2006,1550.99,2211.55,508.82
576869,2007,1448.19,2027.2,430.44
576869,2008,1458.03,2068.56,548.86
576869,2009,1339.86,1865.55,649.18
576869,2010,1526.52,2171.89,509.64
576869,2011,1702.08,2475.17,554.44
576869,2012,1861.14,2740.9,307.74
576869,2013,1559.15,2242.79,470.15
576869,2014,1500.23,2148.17,509.86
576869,2015,1501,2121.15,602.81
576869,2016,1537.74,2182.61,431.32
576869,2017,1499.79,2127.31,715.15
576869,2018,1471.24,2077.04,751.85
576869,2019,1364.38,1899.05,686.83
576869,2020,1600.96,2305.04,403.31
576870,2006,1552.14,2213.82,513.15
576870,2007,1447.4,2026.11,436.41
576870,2008,1456.62,2066.34,557.57
576870,2009,1340.46,1866.83,647.57
576870,2010,1528.51,2175.46,471.14
576870,2011,1705.78,2481.72,561.54
576870,2012,1862.79,2743.76,309.9
576870,2013,1561.44,2246.93,460.76
576870,2014,1502.96,2152.92,510.86
576870,2015,1503.38,2125.65,592.09
576870,2016,1538.29,2183.72,441.39
576870,2017,1502.12,2132.63,756.78
576870,2018,1472.2,2077.43,776.13
576870,2019,1363.45,1897.31,695.23
576870,2020,1598.63,2301.37,403.49
576871,2006,1553.07,2215.62,520.27
576871,2007,1445.09,2022.33,444.44
576871,2008,1453.31,2060.86,567.72
576871,2009,1340.19,1866.41,649.25
576871,2010,1529.89,2177.81,442.28
576871,2011,1707.92,2485.52,567.54
576871,2012,1863.59,2745.13,314.67
576871,2013,1562.73,2249.32,442.04
576871,2014,1505.37,2157.03,508.65
576871,2015,1505.33,2129.32,571.79
576871,2016,1539.05,2185.04,461.96
576871,2017,1505.38,2138.06,789.43
576871,2018,1471.53,2074.74,774.79
576871,2019,1359.92,1890.41,697.78
576871,2020,1593.64,2292.44,402.94
576872,2006,1557.58,2223.33,527.63
576872,2007,1445.63,2023.15,452.21
576872,2008,1453.04,2060.31,579.47
576872,2009,1344.28,1873.14,653.05
576872,2010,1533.11,2183.15,438.52
576872,2011,1713.53,2495.11,577.01
576872,2012,1868.39,2753.23,323.71
576872,2013,1567.75,2257.94,428.41
576872,2014,1510.41,2165.49,509.92
576872,2015,1510.4,2138.13,552.08
576872,2016,1542.46,2190.74,492.03
576872,2017,1511.51,2146.99,812.12
576872,2018,1471.78,2077.25,769.23
576872,2019,1361.93,1893.76,696.23
576872,2020,1592.53,2292.01,412.9
576873,2006,1560.64,2228.71,542.3
576873,2007,1445.28,2022.66,463.17
576873,2008,1452.58,2059.68,593.47
576873,2009,1346.09,1876.25,658.23
576873,2010,1537.01,2189.66,447.71
576873,2011,1718.91,2504.43,589.97
576873,2012,1872.79,2760.71,338.39
576873,2013,1572.77,2266.64,425.69
576873,2014,1515.25,2173.7,517.15
576873,2015,1514.85,2146.09,549.92
576873,2016,1545.94,2196.6,513.64
576873,2017,1516.71,2156.51,829.47
576873,2018,1471.34,2076.7,747.42
576873,2019,1363.46,1897.18,695.52
576873,2020,1590.66,2288.27,422.69
576874,2006,1561.19,2229.93,549.35
576874,2007,1442.97,2018.98,469.71
576874,2008,1449.69,2055.08,595.02
576874,2009,1345.3,1875.25,654.42
576874,2010,1538.78,2192.68,456.45
576874,2011,1721.75,2509.54,597.72
576874,2012,1874.68,2764.07,348.12
576874,2013,1575.06,2270.84,422.39
576874,2014,1517.34,2177.45,519.25
576874,2015,1517.23,2150.62,547.9
576874,2016,1546.77,2198.13,512.77
576874,2017,1520.28,2161.9,808.34
576874,2018,1466.69,2070.02,723.88
576874,2019,1363.8,1898.21,702.15
576874,2020,1586.81,2282.73,419.88
576875,2006,1562.9,2233.02,554.87
576875,2007,1441.15,2015.98,473.89
576875,2008,1446.99,2050.66,597.63
576875,2009,1344.7,1874.56,651.21
576875,2010,1540.85,2196.08,456.06
576875,2011,1724.98,2515.17,601.34
576875,2012,1877.03,2768.08,350.54
576875,2013,1577.77,2275.61,423.66
576875,2014,1519.94,2181.9,518.92
576875,2015,1520.22,2156.01,538.14
576875,2016,1548.19,2200.53,502.71
576875,2017,1523.32,2167.7,775.18
576875,2018,1465.44,2067.32,712.75
576875,2019,1365.29,1900.4,708.91
576875,2020,1586.34,2281.29,420.17
576876,2006,1561.31,2230.34,565.03
576876,2007,1437.86,2010.09,479.48
576876,2008,1442.02,2042.04,608.41
576876,2009,1341.71,1869.36,653.77
576876,2010,1540.43,2194.97,454.98
576876,2011,1724.96,2515.02,602.82
576876,2012,1875.12,2764.51,354.74
576876,2013,1578.53,2276.81,424.71
576876,2014,1520.73,2182.96,517.16
576876,2015,1520.45,2156.45,532.15
576876,2016,1547.3,2198.51,499.88
576876,2017,1524.36,2168.77,741.19
576876,2018,1462.24,2061.05,714.57
576876,2019,1365.72,1899.87,734.76
576876,2020,1584.71,2277.89,428.94
576877,2006,1559.6,2227.01,571.28
576877,2007,1434.26,2003.1,482.09
576877,2008,1437.47,2033.61,618.8
576877,2009,1339.94,1865.82,651.98
576877,2010,1538.37,2190.65,458.34
576877,2011,1722.8,2510.89,602.29
576877,2012,1870.46,2755.9,355.82
576877,2013,1578,2275.49,423.42
576877,2014,1519.28,2179.86,514.08
576877,2015,1519.18,2153.94,528.87
576877,2016,1543.84,2191.71,519.51
576877,2017,1523.63,2167.67,722.36
576877,2018,1456.06,2051.13,722.87
576877,2019,1363.49,1896.89,745.9
576877,2020,1581.28,2272.77,438.46
576878,2006,1555.13,2219.05,578.62
576878,2007,1427.67,1991.09,490.94
576878,2008,1429.81,2019.95,635.63
576878,2009,1336.49,1859.29,654.94
576878,2010,1533.71,2181.81,462.23
576878,2011,1716.77,2500.17,603.56
576878,2012,1861.73,2740.31,357.87
576878,2013,1573.69,2267.75,426.22
576878,2014,1514.22,2170.75,515.97
576878,2015,1516.1,2148.19,544.15
576878,2016,1535.04,2175.89,548.68
576878,2017,1518.94,2160.07,747.68
576878,2018,1446.99,2032.22,744.98
576878,2019,1355.54,1880.7,747.25
576878,2020,1574.11,2259.39,457.69
576879,2006,1548.52,2206.91,584.92
576879,2007,1419.63,1975.96,497.74
576879,2008,1420.47,2002.85,647.1
576879,2009,1332.96,1851.92,652.01
576879,2010,1523.99,2163.96,448.23
576879,2011,1706.18,2481.26,595.93
576879,2012,1847.31,2714.47,355.19
576879,2013,1565.77,2253.44,426.65
576879,2014,1506.46,2156.54,516.2
576879,2015,1510.44,2137.43,546.44
576879,2016,1522.28,2152.74,554.52
576879,2017,1511.08,2146.42,766.83
576879,2018,1432.04,2007.01,769.19
576879,2019,1343.95,1859.85,724.09
576879,2020,1563.1,2240.24,472.14
578278,2006,1545.18,2200.17,524.01
578278,2007,1444.2,2018.72,441.05
578278,2008,1454.08,2060.38,549.97
578278,2009,1334.77,1855.68,662.44
578278,2010,1520.31,2159.93,539.85
578278,2011,1694.62,2461.11,552.98
578278,2012,1851.36,2723.07,311.18
578278,2013,1553.92,2232.63,474.14
578278,2014,1492.58,2134.11,526.04
578278,2015,1495.52,2110.23,630.25
578278,2016,1533.46,2173.92,433.76
578278,2017,1491.58,2112.64,720.25
578278,2018,1468.99,2070.46,690.07
578278,2019,1362.8,1894.87,665.47
578278,2020,1598.26,2298.15,399.61
578279,2006,1545.03,2199.77,518.78
578279,2007,1442.55,2015.66,438.76
578279,2008,1451.92,2056.46,553.5
578279,2009,1333.55,1853.44,657.17
578279,2010,1519.93,2159.02,490.25
578279,2011,1696.66,2464.39,559.11
578279,2012,1851.38,2722.74,311.14
578279,2013,1554.29,2233.1,470.86
578279,2014,1493.59,2135.55,522.12
578279,2015,1495.99,2110.99,611.09
578279,2016,1531.95,2171.04,442.25
578279,2017,1492.25,2112.89,736.97
578279,2018,1466.55,2065.61,729.41
578279,2019,1359.91,1889.59,687.91
578279,2020,1596.05,2295.74,408.03
578280,2006,1547.05,2203.61,519.61
578280,2007,1442.5,2015.96,442.4
578280,2008,1451.54,2056.1,559.96
578280,2009,1335.37,1856.83,654.02
578280,2010,1522.19,2163.16,456.69
578280,2011,1700.33,2471.02,564.63
578280,2012,1853.06,2725.78,313.23
578280,2013,1556.67,2237.54,458.6
578280,2014,1496.97,2141.51,519.36
578280,2015,1498.66,2116.12,594.7
578280,2016,1532.63,2172.51,454.2
578280,2017,1495.56,2119.16,772.11
578280,2018,1466.96,2066.5,758.48
578280,2019,1358.61,1887.82,686.57
578280,2020,1593.83,2291.97,416.62
578281,2006,1549.87,2208.68,525.09
578281,2007,1441.44,2014.41,446.42
578281,2008,1449.95,2053.64,568.49
578281,2009,1337.8,1861,654.3
578281,2010,1524.84,2167.78,438.82
578281,2011,1704.07,2477.65,568.38
578281,2012,1855.3,2729.68,317.43
578281,2013,1559.41,2242.49,440.46
578281,2014,1500.94,2148.33,515.44
578281,2015,1501.89,2122.04,572.76
578281,2016,1534.66,2176.07,475.5
578281,2017,1499.99,2127.44,800.73
578281,2018,1467.95,2067.85,766.53
578281,2019,1356.75,1883.8,681.02
578281,2020,1590.26,2285.58,421.62
578282,2006,1552.77,2213.6,531.57
578282,2007,1440.65,2012.94,452.78
578282,2008,1448.51,2051.07,578.98
578282,2009,1340.56,1865.45,655.19
578282,2010,1527.75,2172.53,442.96
578282,2011,1708.76,2485.65,576.57
578282,2012,1858.89,2735.63,325.47
578282,2013,1563.19,2248.92,431.61
578282,2014,1505.42,2155.74,515.19
578282,2015,1505.42,2128.17,554.96
578282,2016,1537.07,2179.96,506.13
578282,2017,1504.89,2135.13,819.79
578282,2018,1467.43,2067.95,762.79
578282,2019,1358.04,1885.82,678.79
578282,2020,1588.7,2282.82,433.99
578283,2006,1555.36,2218.07,543.27
578283,2007,1440.06,2011.92,463.31
578283,2008,1447.59,2049.51,591.64
578283,2009,1342.58,1868.75,657.38
578283,2010,1530.82,2177.53,460.15
578283,2011,1713.7,2494.1,589.84
578283,2012,1862.48,2741.58,339.34
578283,2013,1567.19,2255.76,428.22
578283,2014,1509.67,2162.81,521.03
578283,2015,1508.83,2134.16,551.36
578283,2016,1539.26,2183.46,528.07
578283,2017,1508.92,2142.63,832.23
578283,2018,1466.45,2066.8,742.55
578283,2019,1358.72,1887.4,679.93
578283,2020,1586.38,2279.34,439.63
578284,2006,1557.53,2222.08,551.53
578284,2007,1439.98,2012.03,470.44
578284,2008,1447.11,2049,595.15
578284,2009,1343.49,1870.63,654.26
578284,2010,1534.57,2183.89,473.65
578284,2011,1718.31,2502.23,596.19
578284,2012,1865.9,2747.52,349.1
578284,2013,1570.96,2262.47,426.55
578284,2014,1513.59,2169.64,522.64
578284,2015,1512.94,2141.61,547.84
578284,2016,1541.49,2187.37,525.54
578284,2017,1514.26,2151.17,809.17
578284,2018,1463.79,2062.64,717.47
578284,2019,1359.56,1889.16,685.17
578284,2020,1585.05,2276.6,432.48
578285,2006,1561.2,2228.53,557.62
578285,2007,1440.42,2012.88,474.02
578285,2008,1446.78,2048.63,597.24
578285,2009,1344.88,1873.26,651.39
578285,2010,1538.49,2190.46,470.32
578285,2011,1723.21,2510.74,598.42
578285,2012,1869.64,2753.92,350.81
578285,2013,1575.16,2269.78,426.44
578285,2014,1517.54,2176.39,522.14
578285,2015,1517.6,2149.84,540.74
578285,2016,1544.24,2192.03,510.12
578285,2017,1519.01,2159.1,777.6
578285,2018,1463.82,2062.09,706.25
578285,2019,1362.65,1894.19,692.51
578285,2020,1585.38,2278,433.66
578286,2006,1559.96,2226.45,565.33
578286,2007,1436.89,2006.65,479.2
578286,2008,1441.71,2039.89,606.6
578286,2009,1342.3,1868.75,652.12
578286,2010,1537.09,2187.75,462.02
578286,2011,1722.6,2509.63,598.68
578286,2012,1867.01,2749.17,353.87
578286,2013,1575.02,2269.5,425.67
578286,2014,1517.35,2175.83,520.55
578286,2015,1517.1,2149.05,533.62
578286,2016,1541.86,2187.55,502.85
578286,2017,1519.04,2158.71,747.82
578286,2018,1458.59,2052.97,716.41
578286,2019,1360.79,1890.28,719.91
578286,2020,1581.06,2270.89,442.08
578287,2006,1556.34,2220.16,571.33
578287,2007,1430.98,1996.15,484.71
578287,2008,1434.89,2027.97,616.4
578287,2009,1339.24,1863.29,650.93
578287,2010,1531.47,2177.78,465.75
578287,2011,1717.52,2500.88,598.95
578287,2012,1859.34,2735.73,357
578287,2013,1571.32,2263.1,424.83
578287,2014,1512.33,2167.05,520.09
578287,2015,1512.69,2141.49,524.91
578287,2016,1534.45,2174.4,522.68
578287,2017,1514.94,2151.66,733.7
578287,2018,1448.54,2035.42,733.09
578287,2019,1354.63,1880.43,737.47
578287,2020,1573.71,2259.1,449.32
578288,2006,1553.17,2214.7,578.05
578288,2007,1425.84,1986.88,493.08
578288,2008,1428.73,2017.11,632.2
578288,2009,1336.86,1858.82,652.23
578288,2010,1527.72,2170.81,468.15
578288,2011,1712.3,2491.84,598.98
578288,2012,1851.28,2721.57,357.33
578288,2013,1567.76,2256.92,427.64
578288,2014,1508.11,2159.59,520.95
578288,2015,1510.16,2136.97,529.08
578288,2016,1526.31,2160.05,545.3
578288,2017,1510.19,2144.69,749.69
578288,2018,1439.1,2017.55,761.73
578288,2019,1346.57,1864.56,747.47
578288,2020,1566.29,2244.79,465.66
579689,2006,1539,2188.23,529.54
579689,2007,1435.77,2002.51,445.44
579689,2008,1445.08,2043.52,555.16
579689,2009,1327.84,1842.62,660.98
579689,2010,1512.21,2144.63,473.05
579689,2011,1691.37,2454.17,559.47
579689,2012,1840.85,2703.5,316.44
579689,2013,1549.08,2223.1,468.03
579689,2014,1485.89,2121.53,530.29
579689,2015,1490.13,2099.72,610.3
579689,2016,1525.27,2158.27,459.53
579689,2017,1484.05,2097.54,749.92
579689,2018,1460.8,2053.2,675.04
579689,2019,1354.57,1878.48,681.4
579689,2020,1590.25,2285.11,413.07
579690,2006,1542.31,2194.09,528.43
579690,2007,1437.53,2005.74,447.65
579690,2008,1446.76,2046.49,560.61
579690,2009,1331.05,1848.17,656.75
579690,2010,1515.88,2151.04,445.32
579690,2011,1695.79,2462.02,565.98
579690,2012,1843.25,2707.7,318.1
579690,2013,1552.22,2228.77,455.27
579690,2014,1490.93,2130.17,527.12
579690,2015,1493.87,2106.54,599.76
579690,2016,1527.03,2161.45,474.82
579690,2017,1489.17,2106.39,776.16
579690,2018,1461.64,2055.85,708.3
579690,2019,1353.52,1877.43,681.06
579690,2020,1589.32,2282.71,428.86
579691,2006,1546.49,2201.53,531.62
579691,2007,1437.97,2006.82,450.48
579691,2008,1446.85,2046.96,568.28
579691,2009,1335.11,1855.15,657.4
579691,2010,1520.31,2158.74,441.61
579691,2011,1700.99,2471.23,569.5
579691,2012,1846.74,2713.81,321.48
579691,2013,1556.28,2236.04,441.74
579691,2014,1496.88,2140.38,523.65
579691,2015,1498.57,2115.01,586.05
579691,2016,1530.5,2167.5,500.33
579691,2017,1495.33,2117.69,797.77
579691,2018,1464.18,2060.6,733.83
579691,2019,1354.1,1878.13,671.93
579691,2020,1587.99,2280.65,440.41
579692,2006,1548.57,2205.08,535.59
579692,2007,1436.82,2004.8,454.63
579692,2008,1445.21,2044.11,576.98
579692,2009,1337.81,1859.55,655.23
579692,2010,1523.25,2163.56,456.07
579692,2011,1705.28,2478.58,576.14
579692,2012,1849.5,2718.33,328.67
579692,2013,1559.4,2241.37,434.81
579692,2014,1501.32,2147.7,520.91
579692,2015,1501.36,2119.88,571.68
579692,2016,1532.38,2170.47,528.18
579692,2017,1499.29,2125.01,813.56
579692,2018,1463.25,2059.6,738.45
579692,2019,1354.22,1878.52,662.6
579692,2020,1585.73,2275.31,452.69
579693,2006,1551.2,2209.67,544.96
579693,2007,1436.77,2004.75,463.46
579693,2008,1444.46,2042.86,587.91
579693,2009,1340.42,1863.93,654.72
579693,2010,1526.59,2169.03,478.59
579693,2011,1710.05,2486.77,589.28
579693,2012,1852.45,2723.17,341.35
579693,2013,1562.85,2247.29,431.2
579693,2014,1505.42,2154.5,526.05
579693,2015,1504.73,2125.78,561.91
579693,2016,1533.99,2173,543.03
579693,2017,1502.64,2131.79,823.08
579693,2018,1462.2,2058.15,732.82
579693,2019,1354.08,1877.96,664.22
579693,2020,1582.02,2270.09,457.14
579694,2006,1554.22,2215.04,553.63
579694,2007,1437.75,2006.53,471.39
579694,2008,1445.07,2044.07,595.28
579694,2009,1342.41,1867.42,653.63
579694,2010,1531.1,2176.56,489.23
579694,2011,1715.59,2496.37,597.1
579694,2012,1856.47,2729.98,350.01
579694,2013,1567.2,2254.85,430.94
579694,2014,1510.11,2162.47,527.19
579694,2015,1509.31,2133.88,551.8
579694,2016,1536.4,2177.06,535.26
579694,2017,1508.5,2140.79,805.56
579694,2018,1461.74,2056.97,725.07
579694,2019,1355.68,1881.15,673.36
579694,2020,1582.02,2268.85,450.16
